longDBName,shortDBName,an,title,abstract,publicationDate,contributors,docTypes,pubTypes,coverDate,peerReviewed,source,subjects,isiType,doids,isbns,issns,publisherLocations,identifiers,isOpenAccess,bookEdition,language,publisher,pageEnd,pageStart,pageCount,volume,issue,doi,notes,mid,degreeLevel,plink,articleType,citedByCount,retracted,retractionNote,Afiliacion1,Afiliacion2
Academic Search Ultimate,asn,182191634,A Systematic Literature Review of 10 years of Research on Program Synthesis and Natural Language Processing.,"Program synthesis is the process of automatically generating software from a requirement specification. This paper presents a systematic literature review focused on program synthesis from specifications expressed in natural language. The research problem centers on the complexity of automatically generating accurate and robust code from high-level, ambiguous natural language descriptions – a barrier that limits the broader adoption of automatic code generation in software development. To address this issue, the study systematically examines research published between 2014 and 2024, focusing on works that explore various approaches to program synthesis from natural language inputs. The review follows a rigorous methodology, incorporating search strings tailored to capture relevant studies from five major data sources: IEEE, ACM, Springer, Elsevier, and MDPI. The selection process applied strict inclusion and exclusion criteria, resulting in a final set of 20 high-quality studies. The findings reveal significant advancements in the field, particularly in the integration of large language models (LLMs) with program synthesis techniques. The review also highlights the challenges and concludes by outlining key trends and proposing future research directions aimed at overcoming these challenges and expanding the applicability of program synthesis across various domains.",20241222,"Ramírez-Rueda, Rolando ; Benítez-Guerrero, Edgard ; Mezura-Godoy, Carmen ; Bárcenas, Everardo",Literature Review,Academic Journal,Dec2024,,Programming & Computer Software,"Language models ; Software requirements specifications ; Computer software development ; Natural languages ; Research institutes ; Custom Computer Programming Services ; Computer systems design and related services (except video game design and development) ; Research and Development in Biotechnology ; Research and Development in the Physical, Engineering, and Life Sciences (except Biotechnology) ; Research and Development in the Social Sciences and Humanities",JOUR,,,0361-7688,,,,,eng,Springer Nature,741,725,17,50,8,10.1134/S0361768824700737,,N2T,,https://research.ebsco.com/plink/057d1322-bc7c-3c50-995f-86aa0e403c5d,,,,,"Rolando Ramírez-Rueda — Facultad de Estadística e Informática, Universidad Veracruzana, Xalapa, Mexico | Edgard Benítez-Guerrero — Facultad de Estadística e Informática, Universidad Veracruzana, Xalapa, Mexico | Carmen Mezura-Godoy — Facultad de Estadística e Informática, Universidad Veracruzana, Xalapa, Mexico | Everardo Bárcenas — Facultad de Ingeniería, Universidad Nacional Autónoma de México, Ciudad de México, México",
Academic Search Ultimate,asn,189604943,Assessing User Experience with Piezoresistive Force Sensors: Interpreting Button Press Impulse and Duration.,"As robotic systems become increasingly integrated into daily life, the need for user experience (UX) assessment methods that are both privacy-conscious and suitable for embedded hardware platforms has grown. Traditional UX evaluations relying on vision, audio, or lengthy questionnaires are often intrusive, computationally demanding, or impractical for low-power devices. In this study, we introduce a novel sensor-based method for assessing UX through direct physical interaction. We designed a robot lamp with a force-sensing button interface and conducted a user study involving controlled robot errors. Participants interacted with the lamp during a reading task and rated their UX on a 7-point Likert scale. Using force and time data from button presses, we correlated force and time data to user experience and demographic information. Our results demonstrate the potential of bodily interaction metrics as a viable alternative for UX assessment in human-robot interaction, enabling real-time, embedded, and privacy-aware evaluation of user satisfaction in robotic systems.",20251101,"Gomez-Monroy, Carlos Gilberto ; Borja, Vicente ; Ramirez-Reivich, Alejandro ; Corona-Lira, Maria del Pilar",Article,Academic Journal,Nov2025,true,Sensors (14248220),User experience ; Human-robot interaction ; Embedded computer systems ; Robot control systems ; Piezoresistive devices ; Human research subjects ; Tactile sensors ; Computer and peripheral equipment manufacturing ; Computer and Computer Peripheral Equipment and Software Merchant Wholesalers ; Electronic Computer Manufacturing,JOUR,,,1424-8220,,,,,eng,MDPI,,6685,,25,21,10.3390/s25216685,,1XDI,,https://research.ebsco.com/plink/bb93d2d3-8443-3209-b9fb-2c10c87960c7,,,,,"Carlos Gilberto Gomez-Monroy — Postgraduate School of Engineering, Universidad Nacional Autónoma de México, Ciudad Universitaria, Ciudad de México 04510, Mexico | Vicente Borja — Department of Mechanical Engineering, Universidad Nacional Autónoma de México, Ciudad Universitaria, Ciudad de México 04510, Mexico | Alejandro Ramirez-Reivich — Department of Mechanical Engineering, Universidad Nacional Autónoma de México, Ciudad Universitaria, Ciudad de México 04510, Mexico | Maria del Pilar Corona-Lira — Department of Mechanical Engineering, Universidad Nacional Autónoma de México, Ciudad Universitaria, Ciudad de México 04510, Mexico",
Academic Search Ultimate,asn,182191637,Merging Distinct Sources Databases to Improve Software Estimation Models.,"Context. For more than six decades, software cost/effort estimation has been a relevant topic for research due to its impact on the industry. Although many estimation models exist, regression-based estimation approaches have been predominantly used in the literature. However, some problems have been observed both in industry and academia: the lack of datasets with a high or at least enough number of data points and the arbitrary combination of different source databases belonging to practitioners in order to create larger datasets. Objective. Propose the application of the Kruskal–Wallis test to validate the integration of distinct source databases (independent groups), thereby avoiding the mixing of unrelated data, increasing the number of data points, and improving the estimation models. Method.We conducted a case study using real data from an international company, specifically data from their Mexico office. This office provides software development services for a technological tower identified as ""Microservices and APIs."" The data were collected in 2020. Results: The quality criteria in the final estimation model were improved. The MMRE was reduced by 25.4% (from 78.6 to 53.2%), the standard deviation was reduced by 97.2% (from 149.7 to 52.5%), and the Pred (25%) indicator increased by 3.2 percentage points. Additionally, the number of data points increased significantly, and linear regression constraints was accomplished. The application of the Kruskal–Wallis test to validate the integration of distinct source databases (independent groups) proved useful in improving the estimation models.",20241222,"Valdés-Souto, Francisco ; Valeriano-Assem, Jorge",Article,Academic Journal,Dec2024,true,Programming & Computer Software,Database management software ; Software as a service ; Information storage & retrieval systems ; Computer software development ; Systems theory ; Custom Computer Programming Services ; Computer systems design and related services (except video game design and development),JOUR,,,0361-7688,,,,,eng,Springer Nature,795,786,10,50,8,10.1134/S0361768824700762,,N2T,,https://research.ebsco.com/plink/510f7a25-158a-3c52-9d4b-31495c71ff8b,,,,,"Francisco Valdés-Souto — National Autonomous University of Mexico Science Faculty, CDMX, México | Jorge Valeriano-Assem — SPINGERE, CDMX, México",
Academic Search Ultimate,asn,182450698,"Comparison of Manual, Automatic, and Voice Control in Wheelchair Navigation Simulation in Virtual Environments: Performance Evaluation of User and Motion Sickness.","Mobility is essential for individuals with physical disabilities, and wheelchairs significantly enhance their quality of life. Recent advancements focus on developing sophisticated control systems for effective and efficient interaction. This study evaluates the usability and performance of three wheelchair control modes manual, automatic, and voice controlled using a virtual reality (VR) simulation tool. VR provides a controlled and repeatable environment to assess navigation performance and motion sickness across three scenarios: supermarket, museum, and city. Twenty participants completed nine tests each, resulting in 180 trials. Findings revealed significant differences in navigation efficiency, distance, and collision rates across control modes and scenarios. Automatic control consistently achieved faster navigation times and fewer collisions, particularly in the supermarket. Manual control offered precision but required greater user effort. Voice control, while intuitive, resulted in longer distances traveled and higher collision rates in complex scenarios like the city. Motion sickness levels varied across scenarios, with higher discomfort reported in the city during voice and automatic control. Participant feedback, gathered via a Likert scale questionnaire, highlighted the potential of VR simulation for evaluating user comfort and performance. This research underscores the advantages of VR-based testing for rapid prototyping and user-centered design, offering valuable insights into improving wheelchair control systems. Future work will explore adaptive algorithms to enhance usability and accessibility in real world applications.",20250115,"Pedroza-Santiago, Enrique Antonio ; Quiroz-Ibarra, José Emilio ; Bojorges-Valdez, Erik René ; Padilla-Castañeda, Miguel Ángel",Article,Academic Journal,Jan2025,true,Sensors (14248220),Motion sickness ; Quasimolecules ; User interfaces ; Rapid prototyping ; Disabilities,JOUR,,,1424-8220,,,,,eng,MDPI,,530,,25,2,10.3390/s25020530,,1XDI,,https://research.ebsco.com/plink/772b3126-5a4b-36d1-8c3b-f4ec889e4c31,,,,,"Enrique Antonio Pedroza-Santiago — Instituto de Investigación Aplicada y Tecnología (InIAT), Universidad Iberoamericana, Ciudad de México C.P. 01376, Mexico | José Emilio Quiroz-Ibarra — Instituto de Investigación Aplicada y Tecnología (InIAT), Universidad Iberoamericana, Ciudad de México C.P. 01376, Mexico | Erik René Bojorges-Valdez — Departamento de Estudios en Ingeniería para la Innovación (DEII), Universidad Iberoamericana, Ciudad de México C.P. 01376, Mexico | Miguel Ángel Padilla-Castañeda — Instituto de Ciencias Aplicadas y Tecnología (ICAT), Universidad Nacional Autónoma de México, Ciudad de México C.P. 04510, Mexico",
Academic Search Ultimate,asn,176219040,A fuzzy description logic based IoT framework: Formal verification and end user programming.,"The Internet of Things (IoT) has become one of the most popular technologies in recent years. Advances in computing capabilities, hardware accessibility, and wireless connectivity make possible communication between people, processes, and devices for all kinds of applications and industries. However, the deployment of this technology is confined almost entirely to tech companies, leaving end users with only access to specific functionalities. This paper presents a framework that allows users with no technical knowledge to build their own IoT applications according to their needs. To this end, a framework consisting of two building blocks is presented. A friendly interface block lets users tell the system what to do using simple operating rules such as ""if the temperature is cold, turn on the heater."" On the other hand, a fuzzy logic reasoner block built by experts translates the ambiguity of human language to specific actions to the actuators, such as ""call the police."" The proposed system can also detect and inform the user if the inserted rules have inconsistencies in real time. Moreover, a formal model is introduced, based on fuzzy description logic, for the consistency of IoT systems. Finally, this paper presents various experiments using a fuzzy logic reasoner to show the viability of the proposed framework using a smart-home IoT security system as an example.",20240322,"Pérez-Gaspar, Miguel ; Gomez, Javier ; Bárcenas, Everardo ; Garcia, Francisco",Article,Academic Journal,3/22/2024,true,PLoS ONE,Description logics ; Fuzzy logic ; Formal verification ; High technology industries ; Internet of things ; Citizen crime reporting,JOUR,,,1932-6203,,,,,eng,Public Library of Science,21,1,21,19,3,10.1371/journal.pone.0296655,,78BE,,https://research.ebsco.com/plink/81a994ab-b7b2-3f7e-ab78-c0cf17ddfafc,,,,,"Miguel Pérez-Gaspar — Department of Telecommunications, National Autonomous University of Mexico, Mexico City, Mexico | Javier Gomez — Department of Telecommunications, National Autonomous University of Mexico, Mexico City, Mexico | Everardo Bárcenas — Department of Computer Engineering, National Autonomous University of Mexico, Mexico City, Mexico | Francisco Garcia — Department of Telecommunications, National Autonomous University of Mexico, Mexico City, Mexico",
Academic Search Ultimate,asn,181674750,Towards a Collaborative Game Designer Using the CCDSF Framework.,"The Computational Creative Design Systems Framework (CCDSF) was formulated from a mixed perspective of the fields of design research and computational creativity to describe, analyze, and model Computational Creative Design Systems (CCDSs) either as autonomous agents or as collaborative systems involving two or more design agents in purely computational or human-computer interaction mode. In this paper, we present the first proof-of-concept (PoC) of the CCDSF, demonstrating the incremental construction of a human-computer collaborative CCDS for the design of puzzle-type video games. This CCDS is composed of a computational design agent that evolves through three versions—assistant, apprentice, and creative assistant—each acquiring new technical and creative capabilities and assuming roles with higher levels of collaboration. The system includes a graphical user interface (collaborative environment) that has been conceptualized, implemented, and evaluated following the principles of user interface, user experience, and interaction design. Each building block of the CCDSF was systematically designed, encompassing the top-level experience-dynamics-mechanics design schema down to the underlying perception-action strategies. While further research is needed, our collaborative CCDS, presented as a PoC of the CCDSF, demonstrates its potential to aid human designers in generating viable designs and enhancing their technical and creative performance in various ways.",20250201,"Pérez-Romero, Jesús ; Aguilar, Wendy",Article,Academic Journal,Feb2025,true,New Generation Computing,,JOUR,,,0288-3635,,,,,eng,Springer Nature,51,1,51,43,1,10.1007/s00354-024-00287-w,,P4U,,https://research.ebsco.com/plink/6aba4bf6-df8c-34c0-8418-a7ec5708033d,,,,,"Jesús Pérez-Romero — Posgrado en Ciencia e Ingeniería de la Computación, Universidad Nacional Autónoma de México, 04510, Mexico City, Mexico | Wendy Aguilar — Department of Computer Science, Instituto de Investigaciones en Matemáticas Aplicadas y en Sistemas, Universidad Nacional Autónoma de México, 04510, Mexico City, Mexico",
Academic Search Ultimate,asn,181806066,DensToolKit2: A comprehensive open-source package for analyzing the electron density and its derivative scalar and vector fields.,"In this article, we provide details of the suite DensToolKit-v2, which consists of a set of cross-platform, optionally parallelized programs for analyzing the molecular electron density (ρ), as well as different fields and chemical indices derived from it. Notably, with this version, the user can compute the Non-Covalent Interaction index, the Density Overlap Regions Index, and fields related to single-spin-type molecular orbitals, such as the spin density. In addition, DensToolKit-v2 includes several programs for analyzing other less-known fields, such as the Density Matrix of order 1, the two-electron pair density function, and the Fourier transforms of these fields, that is, functionals in momentum space. A new sub-program to compute integrated properties of each of the fields released in the suite is included. A simple graphical user interface is released, which eases the visualization of ρ critical points topology. Most interestingly, this version includes a program that renders estimations of pK<sub>a</sub>'s of carboxylic acids and pK<sub>b</sub>'s of amines (primary, secondary, and tertiary) through refined relations between experimental data and the molecular electrostatic potential computed at isosurfaces of ρ. Details related to the speed of the programs and a few examples of how to use the program in workflows are discussed, and the source code is released through a git repository under the GPLv3 terms.",20241221,"Solano-Altamirano, J. M. ; Hernández-Pérez, Julio M. ; Sandoval-Lira, J. ; Barroso-Flores, J.",Article,Academic Journal,12/21/2024,true,Journal of Chemical Physics,Graphical user interfaces ; Electron density ; Density matrices ; Electric potential ; Vector fields,JOUR,,,0021-9606,,,,,eng,American Institute of Physics,13,1,13,161,23,10.1063/5.0239835,,33J,,https://research.ebsco.com/plink/4b54ef48-008e-3588-8add-65b232c22671,,,,,"J. M. Solano-Altamirano — Facultad de Ciencias Químicas, Benemérita Universidad Autónoma de Puebla, 14 sur y Av. San Claudio, C.P. 72570 Puebla, Pue., Mexico | Julio M. Hernández-Pérez — Facultad de Ciencias Químicas, Benemérita Universidad Autónoma de Puebla, 14 sur y Av. San Claudio, C.P. 72570 Puebla, Pue., Mexico | J. Sandoval-Lira — Ingeniería en Alimentos, Universidad Tecnológica de Huejotzingo, Camino Real San Mateo S/N, C.P. 74169 Santa Ana Xalmimilulco, Huejotzingo, Pue., Mexico | J. Barroso-Flores — Centro Conjunto de Investigación en Química Sustentable UAEM-UNAM, Toluca de Lerdo 50200, Mexico; Instituto de Química, Universidad Nacional Autónoma de México, Circuito Exterior, Ciudad Universitaria, CDMX 04510, Mexico",
Academic Search Ultimate,asn,184135755,Symmetric Grayscale Image Encryption Based on Quantum Operators with Dynamic Matrices.,"Image encryption is crucial for ensuring the confidentiality and integrity of digital images, preventing unauthorized access and alterations. However, existing encryption algorithms often involve complex mathematical operations or require specialized hardware, which limits their efficiency and practicality. To address these challenges, we propose a novel image encryption scheme based on the emulation of fundamental quantum operators from a multi-braided quantum group in the sense of Durdevich. These operators—coproduct, product, and braiding—are derived from quantum differential geometry and enable the dynamic generation of encryption values, avoiding the need for computationally intensive processes. Unlike quantum encryption methods that rely on physical quantum hardware, our approach simulates quantum behavior through classical computation, enhancing accessibility and efficiency. The proposed method is applied to grayscale images with 8-, 10-, and 12-bit depth per pixel. To validate its effectiveness, we conducted extensive experiments, including visual quality metrics (PSNR, SSIM), randomness evaluation using NIST 800-22, entropy and correlation analysis, key sensitivity tests, and execution time measurements. Additionally, comparative tests against AES encryption demonstrate the advantages of our approach in terms of performance and security. The results show that the proposed method provides a high level of security while maintaining computational efficiency.",20250315,"Olvera-Martinez, Luis ; Cedillo-Hernandez, Manuel ; Diaz-Rodriguez, Carlos Adolfo ; Faustinos-Morales, Leonardo ; Cedillo-Hernandez, Antonio ; Garcia-Ugalde, Francisco Javier",Article,Academic Journal,Mar2025,true,Mathematics (2227-7390),Quantum groups ; Image encryption ; Quantum operators ; Geometric quantization ; Finite groups,JOUR,,,2227-7390,,,,,eng,MDPI,,982,,13,6,10.3390/math13060982,,HE2O,,https://research.ebsco.com/plink/292f3b7e-365d-3d73-8e92-f377f231831c,,,,,"Luis Olvera-Martinez — Instituto Politécnico Nacional, Escuela Superior de Ingeniería Mecánica y Eléctrica Unidad Culhuacán, Avenida Santa Ana 1000, San Francisco Culhuacán, Culhuacán CTM V, Coyoacán, Ciudad de México CP 04440, Mexico | Manuel Cedillo-Hernandez — Instituto Politécnico Nacional, Escuela Superior de Ingeniería Mecánica y Eléctrica Unidad Culhuacán, Avenida Santa Ana 1000, San Francisco Culhuacán, Culhuacán CTM V, Coyoacán, Ciudad de México CP 04440, Mexico | Carlos Adolfo Diaz-Rodriguez — Independent Researcher, Ciudad de México CP 04440, Mexico | Leonardo Faustinos-Morales — Independent Researcher, Ciudad de México CP 04440, Mexico | Antonio Cedillo-Hernandez — Escuela de Ingeniería y Ciencias, Tecnológico de Monterrey, Av. Eugenio Garza Sada 2501, Monterrey CP 64849, Mexico | Francisco Javier Garcia-Ugalde — Facultad de Ingeniería, Universidad Nacional Autónoma de México (UNAM), Av. Universidad No. 3000, Ciudad Universitaria, Coyoacán, Ciudad de México CP 04510, Mexico",
Academic Search Ultimate,asn,189137826,On the multi-objective hyperparameter optimization of the weighted entropic associative memory.,"This paper presents an application of automatic algorithm configuration to optimize the performance of the Weighted Entropic Associative Memory (W-EAM). This model holds declarative but distributed representations of remembered objects. We apply two state-of-the-art hyperparameter tuning methods—SMAC and SMS-EMOA—to improve W-EAM's recognition accuracy across three domains of increasing complexity: digit recognition, character recognition, and phone recognition in Mexican Spanish. Each domain presents unique challenges in memory structure, data representation, and learning dynamics. We evaluate a multi-objective optimization setting, focusing on the trade-off between precision and recall. Our experiments show that optimized configurations consistently outperform the baseline model, with the largest gains observed in the phone domain. Additionally, a cyclical optimization-learning scheme further enhances performance by iteratively improving both model parameters and training data quality. These results highlight the potential of automated configuration methods in advancing adaptive memory systems and providing practitioners with a range of parameters to use on W-EAM.",20251105,"Rivera, Juan Antonio López ; Castellanos, Carlos Ignacio Hernández ; Morales, Rafael ; Cortés, Luis A. Pineda",Article,Academic Journal,11/5/2025,true,Scientific Reports,,JOUR,,,2045-2322,,,,,eng,Springer Nature,23,1,23,15,1,10.1038/s41598-025-22621-y,,FKQS,,https://research.ebsco.com/plink/3367caa6-2538-3c56-b3ae-b90f87806ce2,,,,,"Juan Antonio López Rivera — Bravos Energía, 06100, Mexico City, Mexico | Carlos Ignacio Hernández Castellanos — Universidad Nacional Autónoma de México, IIMAS, 04510, Mexico City, Mexico | Rafael Morales — Universidad de Guadalajara, SUV, 44130, Guadalajara, Mexico | Luis A. Pineda Cortés — Universidad Nacional Autónoma de México, IIMAS, 04510, Mexico City, Mexico",
Academic Search Ultimate,asn,179970033,Simulation of the behavior of fine and gross motor skills of an individual with motor disabilities.,"We have developed a neural network model that imitates the central nervous system's control of motor sensors (Sánchez-Torres and Rodríguez-Romo in Neurocomputing 581:127511, 2024). Our research explored various levels of connectivity in our neural network related to neuroplasticity in the central nervous system. We have conducted a study comparing healthy individuals to those with motor impairments by utilizing reinforcement learning and transfer entropy. In our previous research (Sánchez-Torres and Rodríguez-Romo in Neurocomputing 581:127511, 2024), we have simulated human walking while encountering obstacles as an instance of gross motor activities. Now, we have used the same model to simulate fine motor activities. Our goal is to identify differences in information transmission between gross and fine motor activities among healthy individuals and those with motor impairments by evaluating the effective connectivity of our network. To regulate learning accuracy in our model, we introduced a variable called numClusterToFire. However, we discovered that the value for this variable requires careful calibration. If the value is too small, agent exploration is insufficient, and network learning is inefficient. Conversely, learning times increase exponentially, often unnecessarily if the value is too large. We conducted simulations for gross and fine motor skills using three different numClusterToFire values and found that as we increased numClusterToFire, the time required for the network to memorize the outputs for each of the objects in the test set also increased. Our findings indicate that in gross motor skills, which do not require precision, changes in the numClusterToFire variable do not affect information transfer behavior. Conversely, in fine motor skills, information transfer decreases as numClusterToFire increases. On the other hand, our model revealed that for healthy and disabled individuals, the transfer of information between the input layer and the first hidden layer is higher for fine motor skills; this important biological fact suggests the influence of external cues in performing this activity successfully. Additionally, our neural network model showed that movements that do not require precision do not necessarily require a high level of neuroplasticity. Increasing neuroplasticity may cause some neurons to transmit more information than others. Whereas, increasing neuroplasticity through practice is essential for precise movements like fine motor skills. We also found that information transfer in the network's hidden layers is similar for fine and gross motor activities, as we observed identical patterns. However, the distribution and proportion of these patterns differ, concluding that more neurons are involved in fine motor activities, and more information is transferred compared to gross motor activities. Finally, a pattern was observed in the transfer of information in the last hidden layer, which is only present in fine motor skills. This pattern is associated with the precision of the movements.",20241121,"Sánchez-Torres, Karla K. ; Rodríguez-Romo, Suemi",Article,Academic Journal,Nov2024,true,Neural Computing & Applications,Artificial neural networks ; Fine motor ability ; Motor ability ; Central nervous system ; Reinforcement learning ; Gross motor ability,JOUR,,,0941-0643,,,,,eng,Springer Nature,20785,20769,17,36,33,10.1007/s00521-024-10267-2,,8HG,,https://research.ebsco.com/plink/4731e3a6-6fa0-32c6-bcd9-a4b831322ca6,,,,,"Karla K. Sánchez-Torres — Instituto de Investigaciones en Matemáticas Aplicadas y en Sistemas, UNAM, Escolar 3000, C.U., Coyoacán, 04510, Mexico, Mexico | Suemi Rodríguez-Romo — Facultad de Estudios Superiores Cuautitlán, UNAM, Av. Primero de Mayo S/N, Sta. María Guadalupe las Torres, 54740, Cuautitlán Izcalli, Mexico",
Academic Search Ultimate,asn,182441880,Solution Algorithms for the Capacitated Location Tree Problem with Interconnections.,"This paper addresses the Capacitated Location Tree Problem with Interconnections, a new combinatorial optimization problem with applications in network design. In this problem, the required facilities picked from a set of potential facilities must be opened to serve customers using a tree-shaped network. Costs and capacities are associated with the opening of facilities and the establishment of network links. Customers have a given demand that must be satisfied while respecting the facilities and link capacities. The problem aims to minimize the total cost of designing a distribution network while considering facility opening costs, demand satisfaction, capacity constraints, and the creation of interconnections to enhance network resilience. A valid mixed-integer programming was proposed and an exact solution method based on the formulation was used to solve small- and medium-sized instances. To solve larger instances two metaheuristic approaches were used. A specific decoder procedure for the metaheuristic solution approaches was also proposed and used to help find solutions, especially for large instances. Computational experiments and results using the three solution approaches are also presented. Finally, a case study on the design of electrical transportation systems was presented and solved.",20250101,"Mendoza-Andrade, Nidia ; Ruiz-y-Ruiz, Efrain ; Rodriguez-Romo, Suemi",Article,Academic Journal,Jan2025,true,Algorithms,Combinatorial optimization ; Metaheuristic algorithms ; Satisfaction ; Distribution costs ; Consumers,JOUR,,,1999-4893,,,,,eng,MDPI,,50,,18,1,10.3390/a18010050,,B03W,,https://research.ebsco.com/plink/4a804b41-97fd-3b10-8763-643887887c37,,,,,"Nidia Mendoza-Andrade — Facultad de Estudios Superiores Cuautitlán, Universidad Nacional Autónoma de México, Mexico | Efraín Ruiz-y-Ruiz — afiliación externa/no UNAM en la fuente consultada | Suemi Rodríguez-Romo — Facultad de Estudios Superiores Cuautitlán, Universidad Nacional Autónoma de México, Mexico",
Academic Search Ultimate,asn,176356348,Simulation of an individual with motor disabilities by a deep reinforcement learning model.,"We have developed a new neural network model that simulates how the central nervous system (CNS) governs neural motor sensors. Our model uses reinforcement learning and transfer entropy to compare healthy individuals' learning with those who have motor impairments. Our aim is to study effective connectivity and identify differences in information transmission between the two groups. By analyzing effective connectivity, we have identified patterns arising from zero and non-zero transfer entropy values. These patterns are mainly due to factors such as the level of connectivity, the neural network's learning time, and the rules guiding the model training process. However, when these patterns appear in the input and output layers, they are not necessarily critical in distinguishing between a healthy network and an impaired one since these layers interact directly with the environment. On the other hand, our model can replicate neurobiological factors linked to neuronal injury, indicated by these patterns, when they appear in the intermediate layers. We found that healthy networks had more neurons involved in sensorimotor communication compared to diseased networks. This may be due to an increase in disease-related glial cells, which led to reduced effective connectivity between CNS regions. Additionally, we observed some patterns for the loss or gain of entropy; these patterns show the sensitivity of our model to the number of delays we take into account for the effective connectivity to ensure that the information transfer within the model behaves as a natural process. [Display omitted] • A new neural network inspired by the CNS's rule over motor sensors is introduced. • We propose a memory component based on the propagation of action potentials. • Memory component includes both glial cells and biological neurons. • The effective connections of the proposed model between regions was examined. • Effective connection analysis revealed new patterns in motor neuron loss.",20240507,"Sánchez-Torres, Karla K. ; Rodríguez-Romo, Suemi",Article,Academic Journal,May2024,true,Neurocomputing,Deep reinforcement learning ; Artificial neural networks ; Reinforcement learning ; Action potentials ; Central nervous system ; Neuroglia ; Larval dispersal,JOUR,,,0925-2312,,,,,eng,Elsevier B.V.,N.PAG,N.PAG,,581,,10.1016/j.neucom.2024.127511,,3RF,,https://research.ebsco.com/plink/2a8ee900-90a1-3c39-8f7a-49de223c45eb,,,,,"Karla K. Sánchez-Torres — Programa de Doctorado en Ciencia e Ingeniería de la Computación, Instituto de Investigaciones en Matemáticas Aplicadas y en Sistemas, Universidad Nacional Autónoma de México, Mexico | Suemi Rodríguez-Romo — Facultad de Estudios Superiores Cuautitlán, Universidad Nacional Autónoma de México, Mexico",
Academic Search Ultimate,asn,186202378,Proposal for the Application of Fractional Operators in Polynomial Regression Models to Enhance the Determination Coefficient R 2 on Unseen Data.,"Since polynomial regression models are generally quite reliable for data that can be handled using a linear system, it is important to note that in some cases, they may suffer from overfitting during the training phase. This can lead to negative values of the coefficient of determination R 2 when applied to unseen data. To address this issue, this work proposes the partial implementation of fractional operators in polynomial regression models to construct a fractional regression model. The aim of this approach is to mitigate overfitting, which could potentially improve the R 2 value for unseen data compared to the conventional polynomial model, under the assumption that this could lead to predictive models with better performance. The methodology for constructing these fractional regression models is presented along with examples applicable to both Riemann–Liouville and Caputo fractional operators, where some results show that regions with initially negative or near-zero R 2 values exhibit remarkable improvements after the application of the fractional operator, with absolute relative increases exceeding 800 % on unseen data. Finally, the importance of employing sets in the construction of the fractional regression model within this methodological framework is emphasized, since from a theoretical standpoint, one could construct an uncountable family of fractional operators derived from the Riemann–Liouville and Caputo definitions that, although differing in their formulation, would yield the same regression results as those shown in the examples presented in this work.",20250601,"Torres-Hernandez, Anthony ; Ramirez-Melendez, Rafael ; Brambila-Paz, Fernando",Article,Academic Journal,Jun2025,true,Fractal & Fractional,Regression analysis ; Polynomial operators ; Fractional calculus ; Linear systems ; Prediction models,JOUR,,,2504-3110,,,,,eng,MDPI,,393,,9,6,10.3390/fractalfract9060393,,LU24,,https://research.ebsco.com/plink/c8370499-a583-35f5-ab16-77ccc0807a6d,,,,,"Anthony Torres-Hernandez — Department of Physics, Faculty of Science, Universidad Nacional Autónoma de México, Mexico City 04510, Mexico; Department of Engineering, Universitat Pompeu Fabra, Barcelona, Spain; Modeling Team, AleaSoft Energy Forecasting, Barcelona, Spain | Rafael Ramirez-Melendez — Department of Engineering, Universitat Pompeu Fabra, Barcelona, Spain | Fernando Brambila-Paz — Department of Mathematics, Faculty of Science, Universidad Nacional Autónoma de México, Mexico City 04510, Mexico",
Academic Search Ultimate,asn,179691030,Triangular finite differences using bivariate Lagrange polynomials with applications to elliptic equations.,"This paper proposes finite-difference schemes based on triangular stencils to approximate partial derivatives using bivariate Lagrange polynomials. We use first-order partial derivative approximations on triangles to introduce a novel hexagonal scheme for the second-order partial derivative on any rotated parallelogram grid. Numerical analysis of the local truncation errors shows that first-order partial derivative approximations depend strongly on the triangle vertices getting at least a first-order method. On the other hand, we prove that the proposed hexagonal scheme is always second-order accurate. Simulations performed at different triangular configurations reveal that numerical errors agree with our theoretical results. Results demonstrate that the proposed method is second-order accurate for the Poisson and Helmholtz equation. Furthermore, this paper shows that the hexagonal scheme with equilateral triangles results in a fourth-order accurate method to the Laplace equation. Finally, we study two-dimensional elliptic differential equations on different triangular grids and domains.",20250101,"Itzá Balam, R. ; Uh Zapata, M. ; Iturrarán-Viveros, U.",Article,Periodical,Jan2025,,Mathematics & Computers in Simulation,Elliptic differential equations ; Finite differences ; Difference equations ; Elliptic equations ; Helmholtz equation,JOUR,,,0378-4754,,,,,eng,Elsevier B.V.,148,121,28,227,,10.1016/j.matcom.2024.07.037,,3OP,,https://research.ebsco.com/plink/d97b9574-0677-3c62-b01e-f8d215871a5d,,,,,"R. Itzá Balam — Facultad de Ciencias, Universidad Nacional Autónoma de México, Mexico City, Mexico | M. Uh Zapata — Facultad de Ciencias, Universidad Nacional Autónoma de México, Mexico City, Mexico | U. Iturrarán-Viveros — Facultad de Ciencias, Universidad Nacional Autónoma de México, Mexico City, Mexico",
Academic Search Ultimate,asn,185620637,Bayesian Gravity Data Inversion Using a 3D Alpha Shape Source Representation.,"Gravity data inversion necessitates solving large-dimensional numerical ill-posed inverse problems. The nature of these problems being ill-posed requires the implementation of a regularization scheme or any approach that integrates previous knowledge of the solution. Typically, Tikhonov-like or Laplacian-based regularizing schemes are employed to mitigate the ill-posedness. Since these types of regularization strategies promote smoothness in the quantities of interest, their approximating solutions have limitations in interpreting the sharp boundaries of source bodies. As a result, the boundaries of the retrieved source bodies appear blurred. This study proposes focusing on the representation of the source as a regularization technique. With that objective in mind, we suggest a low-dimensional representation, constructed using the alpha shape algorithm, to allow the use of non-smooth three-dimensional bodies as inversion instruments. Subsequently, the inverse problem is formulated within a Bayesian framework, and a Markov Chain Monte Carlo approach is developed for simulating from the posterior distribution associated with the proposed representation. This methodology enables the retrieval of the position, shape, and density of 3D source bodies while establishing clear geometrical boundaries and obtaining estimates of uncertainty quantification. The results are evaluated in three challenging synthetic test cases.",20250501,"Abel, Palafox González ; Emilia, Fregoso Becerra ; Mauricio, Nava-Flores",Article,Academic Journal,May2025,true,Pure & Applied Geophysics,Inverse problems ; Gravity ; Markov chain Monte Carlo,JOUR,,,0033-4553,,,,,eng,Springer Nature,2072,2055,18,182,5,10.1007/s00024-024-03648-0,,N7V,,https://research.ebsco.com/plink/56e13afa-41bf-39b3-8d66-2bb26b501fe4,,,,,"Abel Palafox González — Centro Universitario de Ciencias Exactas e Ingenierías, Universidad de Guadalajara, Guadalajara, Jalisco, Mexico | Emilia Fregoso Becerra — Centro Universitario de Ciencias Exactas e Ingenierías, Universidad de Guadalajara, Guadalajara, Jalisco, Mexico | Mauricio Nava-Flores — Centro Universitario de Ciencias Exactas e Ingenierías, Universidad de Guadalajara, Guadalajara, Jalisco, Mexico; Facultad de Ingeniería, Universidad Nacional Autónoma de México, Av. Universidad #3000, 04510 Ciudad Universitaria, Ciudad de México, Mexico",
Academic Search Ultimate,asn,188360452,Kernel-based regularization for photoacoustic pressure reconstructiona).,"Photoacoustic tomography (PAT) is a promising imaging technique that combines the high spatial resolution of ultrasound with the high contrast of optical imaging. One of the challenges in PAT is the ill-posed nature of the inverse problem, where limited measurement data and noise often lead to inaccurate reconstructions. This work introduces a kernel-based regularization (KBR) approach for model-based reconstruction algorithms in photoacoustic (PA) imaging. The proposed method leverages kernel-induced feature space to enforce smoothness and spatial coherence in the reconstructed images, thereby improving the robustness to noise and data sparsity. By incorporating prior knowledge of the signal dynamics for solving the PA inverse problem, KBR enhances the reconstruction fidelity, especially in regions with low signal-to-noise ratio. Numerical experiments and phantom studies demonstrate that the proposed algorithm outperforms traditional regularization techniques, such as Tikhonov and total variation regularization, regarding reconstruction accuracy and computation speed. The results suggest KBR provides a powerful tool for addressing the inherent challenges in PA image reconstruction, offering potential improvements in several applications.",20250901,"Ramírez-Chavarría, Roberto G. ; Santamaría-Padilla, Luis ; Colín-García, Marco P. ; Pérez-Pacheco, Argelia ; Quispe-Siccha, Rosa M.",Article,Academic Journal,Sep2025,true,Journal of the Acoustical Society of America,Image reconstruction ; Inverse problems ; Signal processing ; Acoustic imaging ; Empirical research ; Mathematical regularization ; Robust statistics,JOUR,,,0001-4966,,,,,eng,American Institute of Physics,2505,2495,11,158,3,10.1121/10.0039382,,4CN,,https://research.ebsco.com/plink/c9b8ca1e-5f10-3061-b99a-3960d574f8c8,,,,,Roberto G. Ramírez-Chavarría — National Autonomous University of Mexico / Universidad Nacional Autónoma de México | Luis Santamaría-Padilla — National Autonomous University of Mexico / Universidad Nacional Autónoma de México | Marco P. Colín-García — National Autonomous University of Mexico / Universidad Nacional Autónoma de México | Argelia Pérez-Pacheco — afiliación no UNAM/no recuperada con certeza en la fuente consultada | Rosa M. Quispe-Siccha — afiliación no UNAM/no recuperada con certeza en la fuente consultada,
Academic Search Ultimate,asn,178478193,Finite element software for calculating fluid flow and heat transport for seamounts.,"A large number of bathymetric discontinuities mark the bottom of the oceans. Among these features, seamounts protruding the sedimentary layer can play a major role in establishing a continuous exchange of fluids and heat between the oceanic lithosphere and the ocean. Here we present finite element codes for calculating the flow, temperature and pressure distributions inside seamounts using a general-purpose finite element solver. We solve the coupled equations of continuity, Darcy equation, and energy conservation equation in 2-D. We present a numerical axisymmetrical model tailored to the real geometry of the Grizzly Bare seamount located on the Juan de Fuca plate. The surface heat flow shows a good correlation between our models and in-situ available observations. In this work we provide complete open access to numerical codes which are intended to be simple and easy to adapt for a wide range of seamounts shapes and sizes. • We use the flexible finite element suite of codes PDE2D to solve the coupled equations of continuity, Darcy, and energy conservation. • We write a new piece of software based on PDE2D and pass several benchmarks, we calculate using finite elements flow, temperature and pressure distribution inside seamounts of arbitrary shapes and complex (2D or axisymmetric) geometries. • We present a numerical axisymmetrical model tailored to the real geometry of the Grizzly Bare seamount, and obtain a good correlation between our predictions and in-situ available observations.",20240801,"Manea, V.C. ; Sewell, E.G. ; Manea, M. ; Yoshioka, S. ; Suenaga, N. ; Moreno, E.J.",Article,Academic Journal,Aug2024,true,Environmental Modelling & Software,Seamounts ; Fluid flow ; Oceanic crust ; Lithosphere ; Energy conservation,JOUR,,,1364-8152,,,,,eng,Elsevier B.V.,N.PAG,N.PAG,,179,,10.1016/j.envsoft.2024.106129,,JE3,,https://research.ebsco.com/plink/cb69e9da-d986-3d73-878f-63b5b5073494,,,,,"V.C. Manea — Computational Geodynamics Laboratory, Instituto de Geociencias, Universidad Nacional Autónoma de México, Mexico; LAVIS, Universidad Nacional Autónoma de México | E.G. Sewell — afiliación externa/no UNAM en la fuente consultada | M. Manea — Computational Geodynamics Laboratory, Instituto de Geociencias, Universidad Nacional Autónoma de México, Mexico; LAVIS, Universidad Nacional Autónoma de México | S. Yoshioka — afiliación externa/no UNAM en la fuente consultada | N. Suenaga — afiliación externa/no UNAM en la fuente consultada | E.J. Moreno — LAVIS, Universidad Nacional Autónoma de México",
Academic Search Ultimate,asn,177031197,Acoustic 2-D Full-Waveform Inversion with Non-Balanced Finite differences and Adaptive Weight Decay Methods.,"Full waveform inversion (FWI) is a powerful seismic imaging technique that aims to achieve high-resolution subsurface models by iteratively comparing recorded seismic waveforms with modeled waveforms. The success of FWI relies on the precision of forward modeling algorithms and the effectiveness of optimization strategies. In this study, we propose a FWI methodology that leverages non-balanced staggered-grid finite differences schemes (NBFD) in the forward modeling process. By employing operators with spatial differencing of varying lengths, these schemes enhance the efficiency of forward modeling. For the optimization process, we employ adaptive gradient-based optimization with weight decay, a widely-used approach in machine learning and deep learning algorithms for model training. These methods demonstrate efficient optimization processing for large data volumes with high precision. The objective of adaptive gradient-based optimization is to dynamically adjust the update rate model parameters during the iterative process. This facilitates improved convergence speed, enhances stability, and overcomes challenges associated with traditional fixed-rate adjustment methods. To ensure accurate inversion results and avoid local minima in the cost function minimization, we implement a Multiscaling inversion strategy within the workflow. The obtained results are compared with those achieved through conventional FWI using standard staggered finite differences and various optimization methods. Our findings demonstrate that employing non-balanced staggered-grid finite differences scheme leads to significant improvements compared to the previously reported results in the literature. • NBFD schemes significantly reduce the computation time of FWI and improve or at least maintain the accuracy. • The Adaptive Gradient descent optimizers with decay accelerate the convergence rate of FWI. • Frequency multiscale technique reduces errors associated with local minima. • The new improved gradient-independent step-length technique circumvents the line-search process.",20240501,"Salazar-Chaves, Jorge Luis ; Iturrarán-Viveros, Ursula ; Bernal-Romero, Marcos ; Wenquan, Liang",Article,Academic Journal,May2024,true,Journal of Applied Geophysics,Finite differences ; Deep learning ; Machine learning ; Cost functions ; Imaging systems in seismology,JOUR,,,0926-9851,,,,,eng,Elsevier B.V.,N.PAG,N.PAG,,224,,10.1016/j.jappgeo.2024.105367,,3MC,,https://research.ebsco.com/plink/77d01ffa-676b-34f2-b278-d99a31299fc7,,,,,"Jorge Luis Salazar-Chaves — afiliación no UNAM/no recuperada con certeza en la fuente consultada | Ursula Iturrarán-Viveros — Facultad de Ciencias, Universidad Nacional Autónoma de México, Mexico | Marcos Bernal-Romero — afiliación no UNAM/no recuperada con certeza en la fuente consultada | Liang Wenquan — afiliación externa/no UNAM en la fuente consultada",
Academic Search Ultimate,asn,180402713,A time-domain SGFD-FK hybrid method for 2D teleseismic elastic wave modeling and inversion.,"Full waveform inversion (FWI) has proved to be a reliable tool for high-resolution imaging of lithospheric structures at various depths down to the upper mantle. However, when the size of the model is large, the computational burden is significative and applications are restricted to low frequencies. To tackle this issue, we developed a new 2D time-domain hybrid method to simulate high-frequency teleseismic body waves propagating through a local heterogeneous elastic Earth model: The frequency-wavenumber (FK) integration method is coupled with the staggered grid finite difference method (SGFD). The FK method is used to compute the wavefield due to obliquely incident plane P and SV waves in a 1D multilayered half space that excites a local heterogeneous region. Inside this region, the velocity-stress staggered grid FD method (SGFD) is used to accurately deal with wave propagation in heterogeneous media. Spurious waves that might be generated at the boundaries of the local region are avoided using convolutional perfectly matched layers (CPML). This new hybrid method inherits the low-memory requirements of the FK method and the accuracy, efficiency and easy implementation of the SGFD. The new hybrid method is benchmarked against the analytical FK method for some canonical models and shows good agreement with analytical solutions. Subsequently, our modeling tool is incorporated into a full waveform inversion algorithm adapted for teleseismic configurations to invert the incident P wave and its coda. The inversion is carried out using a gradient approach that is efficiently implemented via the adjoint-state method. The results suggest that our hybrid method and FWI algorithm represent a valuable tool for 2D forward and inverse regional applications using teleseismic data sets.",20241201,"del Valle-Rosales, Mauricio ; Chávez-García, Francisco José",Article,Academic Journal,Dec2024,true,Acta Geophysica,Finite difference method ; Elastic waves ; Theory of wave motion ; Seismic tomography ; Seismology,JOUR,,,1895-6572,,,,,eng,Springer Nature,3915,3903,13,72,6,10.1007/s11600-024-01335-1,,3BWA,,https://research.ebsco.com/plink/ed52599a-17ab-36e9-a399-2905f0913fa0,,,,,"Mauricio del Valle-Rosales — Posgrado en Ciencias de la Tierra, Universidad Nacional Autónoma de México, Mexico City, Mexico | Francisco José Chávez-García — Instituto de Ingeniería, Universidad Nacional Autónoma de México, Mexico City, Mexico",
Academic Search Ultimate,asn,174816137,Read/write fence-free work-stealing with multiplicity.,"It has been shown that any nonblocking algorithm for work-stealing in the standard asynchronous shared memory model of computation must use expensive Read-After-Write synchronization patterns or atomic Read-Modify-Write instructions. Algorithms for relaxations of work-stealing have been proposed, which only partially avoid this impossibility result. In restricted models of computation, work-stealing algorithms have been designed that avoid Read-After-Write patterns and atomic Read-Modify-Write instructions. This paper considers work-stealing with multiplicity , a relaxation in which every task is taken by at least one process, and any process can take any task at most once. We study two variants of the relaxation, for each variant designing a Read / Write wait-free algorithm in the standard asynchronous shared memory model. The two algorithms are devoid of Read-After-Write synchronization patterns in all their operations, and additionally, the algorithm for the second variant has constant step complexity and is fence-free. Namely, no specific ordering among the algorithm's instructions is required beyond what is implied by data dependence. To our knowledge, these are the first algorithms for relaxations of work-stealing possessing all these properties. The algorithms are also solutions to relaxed versions of single-enqueuer multi-dequeuer queues. The theoretical results are complemented with an experimental evaluation showing that the benefits of relaxed work-stealing vary depending on the application, concretely on the complexity of the work associated with each task. • We present two asynchronous work-stealing algorithms with relaxation, work-stealing with multiplicity and weak-multiplicity. • In the first one, tasks are taken by at least one operation and if taken by several operations, they must be pairwise concurrent. • In the second one, Take/Steal operations extracting the same task may not be concurrent, however, each process extracts tasks at most once. • The algorithms are wait-free, read/write, and devoid of read-after-write synchronization patterns. • The proposed algorithms outperform standard work-stealing algorithms and exhibit similar or better performance than known relaxed algorithms in some practical settings.",20240401,"Castañeda, Armando ; Piña, Miguel",Article,Academic Journal,Apr2024,true,Journal of Parallel & Distributed Computing,Multiplicity (Mathematics) ; Algorithms ; Synchronization,JOUR,,,0743-7315,,,,,eng,Academic Press Inc.,N.PAG,N.PAG,,186,,10.1016/j.jpdc.2023.104816,,L0I,,https://research.ebsco.com/plink/0908a181-42a6-3761-abd8-c645cca43986,,,,,"Armando Castañeda — Instituto de Matemáticas, Universidad Nacional Autónoma de México | Miguel Piña — Facultad de Ciencias / Programa de Doctorado en Ciencia e Ingeniería de la Computación, Universidad Nacional Autónoma de México",
Academic Search Ultimate,asn,183335429,Exploring the Behavior and Performance of Large Language Models: Can LLMs Infer Answers to Questions Involving Restricted Information?,"In this paper various LLMs are tested in a specific domain using a Retrieval-Augmented Generation (RAG) system. The study focuses on the performance and behavior of the models and was conducted in Spanish. A questionnaire based on The Bible, which consists of questions that vary in complexity of reasoning, was created in order to evaluate the reasoning capabilities of each model. The RAG system matches a question with the most similar passage from The Bible and feeds the pair to each LLM. The evaluation aims to determine whether each model can reason solely with the provided information or if it disregards the instructions given and makes use of its pretrained knowledge.",20250201,"Cadena-Bautista, Ángel ; López-Ponce, Francisco F. ; Ojeda-Trueba, Sergio Luis ; Sierra, Gerardo ; Bel-Enguix, Gemma",Article,Academic Journal,Feb2025,true,Information,Language models ; Information retrieval ; Performance theory ; Corpora ; Bible,JOUR,,,2078-2489,,,,,eng,MDPI,,77,,16,2,10.3390/info16020077,,B74H,,https://research.ebsco.com/plink/bcbe8b68-bf6f-3fb1-a30f-57f25f05cb2d,,,,,"Ángel Cadena-Bautista — Instituto de Ingeniería, Universidad Nacional Autónoma de México, Avenida Universidad 3000, Mexico City, 04510, Mexico | Francisco F. López-Ponce — Instituto de Ingeniería, Universidad Nacional Autónoma de México, Avenida Universidad 3000, Mexico City, 04510, Mexico | Sergio Luis Ojeda-Trueba — Instituto de Ingeniería, Universidad Nacional Autónoma de México, Avenida Universidad 3000, Mexico City, 04510, Mexico | Gerardo Sierra — Instituto de Ingeniería, Universidad Nacional Autónoma de México, Avenida Universidad 3000, Mexico City, 04510, Mexico | Gemma Bel-Enguix — Instituto de Ingeniería, Universidad Nacional Autónoma de México, Avenida Universidad 3000, Mexico City, 04510, Mexico",
Academic Search Ultimate,asn,182338608,Multi-Label Topic Classification in a Twitter Corpus of Public Communication of Science in Mexican Spanish.,"In the context of Mexico, comprehensive studies on the public communication of science (PCS) through social networks remain an unaddressed area of research. To address this gap, the present work is conducted from the perspective of natural language processing (NLP). The objective of this study is to develop and evaluate an automatic multilabel topic classification system for PCS tweets published in Mexico. This is achieved by training various machine learning models, which include traditional algorithms and transformer-based models. Utilizing a manually labeled corpus that identifies eighteen distinct areas or themes of science, the study evaluates and compares several approaches for the automatic identification and classification of thematic areas within PCS tweets. The findings indicate that transformer-based models, such as XLM-RoBERTa, demonstrate superior performance compared to classic algorithms, while the emerging LLM models, such as BLOOM, present a promising alternative for a range of NLP tasks.",20241101,"Sánchez-Montero, Alec ; Bel-Enguix, Gemma ; Ojeda-Trueba, Sergio-Luis",Article,Academic Journal,Nov2024,true,International Journal of Combinatorial Optimization Problems & Informatics,Machine learning ; Language models ; Scientific communication ; Public communication ; Transformer models ; Natural language processing,JOUR,,,2007-1558,,,,,eng,International Journal of Combinatorial Optimization Problems & Informatics,210,199,12,15,4,10.61467/2007.1558.2024.v15i4.510,,BL16,,https://research.ebsco.com/plink/1b564e29-86ac-3ba6-8085-461be5861c72,,,,,Alec Sánchez-Montero — Universidad Nacional Autónoma de México | Gemma Bel-Enguix — Universidad Nacional Autónoma de México | Sergio-Luis Ojeda-Trueba — Universidad Nacional Autónoma de México,
Academic Search Ultimate,asn,182191630,Is It Possible to Use ChatGPT to Perform Measurements Using the COSMIC Method?,"The process of developing software is intricate and time-consuming. Resource estimation is one of the most important responsibilities in software development. Since it is currently the only acceptable metric, the functional size of the program is used to generate estimating models in a widely accepted manner. On the other hand, functional size measurement takes time. The use of artificial intelligence (AI) to automate certain software development jobs has gained popularity in recent years. Software functional sizing and estimation is one area where artificial intelligence may be used. In this study, we investigate how to apply the concepts and guidelines of the COSMIC method to measurements using ChatGPT 4o, a large language model (LLM). To determine whether ChatGPT can perform COSMIC measurements, we discovered that ChatGPT could not reliably produce accurate findings. The primary shortcomings found in ChatGPT include its incapacity to accurately extract data movements, data groups, and functional users from the text. Because of this, ChatGPT's measurements fall short of two essential requirements for measurement: accuracy and reproducibility.",20241222,"Valdés-Souto, Francisco ; Torres-Robledo, Daniel",Article,Academic Journal,Dec2024,true,Programming & Computer Software,Image processing software ; Language models ; Artificial intelligence ; Software engineering ; ChatGPT ; Photofinishing Laboratories (except One-Hour) ; One-Hour Photofinishing,JOUR,,,0361-7688,,,,,eng,Springer Nature,689,674,16,50,8,10.1134/S0361768824700695,,N2T,,https://research.ebsco.com/plink/f1738713-8ac1-3c15-9624-d1e538e59e3a,,,,,"Francisco Valdés-Souto — National Autonomous University of Mexico, Science Faculty, CDMX, Mexico | Daniel Torres-Robledo — National Autonomous University of Mexico Research Institute in Applied Mathematics and Systems, CDMX, Mexico",
Academic Search Ultimate,asn,177532804,Intelligent MRI diagnosis of neurological alterations in infants from 4 to 12 months.,"Magnetic resonance imaging is an essential tool for the identification of neurological problems since it provides relevant information on brain development. The aim of the present work was the detection of neurological alterations in newborns from 4 to 12 months of age by segmentation and analysis of lateral ventricles in magnetic resonance images. For this purpose, an automated deep approach based on U‐net is proposed to segment the cerebral ventricles of the newborn. Subsequently, for these regions, features were extracted based on the patient's clinical history and on the shape (area, roundness, normalized central moment, among others) and pixel intensity (mean gray value, contrast level, among others). Once the features were extracted, different types of intelligent models (Logistic Regression, k‐Nearest Neighbors (kNN), and a Convolutional Neural Network) were assessed to detect the presence of neurological alterations. The segmentation phase of the system was tested on 50 patients and the classification phase on 28 patients (11 healthy, 17 with neurological changes). The results show a DICE similarity coefficient of 0.89 and a volume ratio of 1.05 for the segmentation stage and an accuracy of 98%, precision of 100%, sensitivity of 92%, and specificity of 100% for the classification stage using kNN. The last one proved to be the most computationally feasible model, due to the time required for training and inference (0.36 s and 35.2e‐4 s, respectively), as well as the consumption of computational resources (0.1 GB RAM CPU). In conclusion, it is possible to detect neurological alterations in newborns aged 4 to 12 months by segmenting and classifying the lateral ventricles in magnetic resonance images, using image processing techniques, the U‐net, as well as the kNN algorithm. This proposed methodology could play an important role in the early diagnosis and treatment of neurological disorders.",20240501,"Calderon‐Uribe, Salvador ; Morales‐Hernandez, Luis A. ; De Leo‐Jimenez, Jose O. ; Resendiz‐Ochoa, Emmanuel ; Toledano‐Ayala, Manuel ; Cruz‐Albarran, Irving A.",Article,Academic Journal,May2024,true,International Journal of Imaging Systems & Technology,Convolutional neural networks ; Magnetic resonance imaging ; Feature extraction ; Image processing ; Cerebral ventricles ; Photofinishing Laboratories (except One-Hour) ; One-Hour Photofinishing ; Diagnostic Imaging Centers,JOUR,,,0899-9457,,,,,eng,Wiley-Blackwell,17,1,17,34,3,10.1002/ima.23074,,BWI,,https://research.ebsco.com/plink/2f113ab2-41ee-362b-b506-41e9c6f88920,,,,,"Salvador Calderon-Uribe — Laboratory of Artificial Vision and Thermography/Mechatronics, Faculty of Engineering, Autonomous University of Queretaro, San Juan del Rio, Queretaro, Mexico | Luis A. Morales-Hernandez — Laboratory of Artificial Vision and Thermography/Mechatronics, Faculty of Engineering, Autonomous University of Queretaro, San Juan del Rio, Queretaro, Mexico | Jose O. De Leo-Jimenez — Neurodevelopment Research Unit of the Institute of Neurobiology, National Autonomous University of Mexico, Queretaro, Mexico | Emmanuel Resendiz-Ochoa — Laboratory of Artificial Vision and Thermography/Mechatronics, Faculty of Engineering, Autonomous University of Queretaro, San Juan del Rio, Queretaro, Mexico; Artificial Intelligence Systems Applied to Biomedical and Mechanical Models, Faculty of Engineering, Autonomous University of Queretaro, San Juan del Rio, Mexico | Manuel Toledano-Ayala — Research and Postgraduate Division of the Faculty of Engineering, Autonomous University of Queretaro, Queretaro, Mexico | Irving A. Cruz-Albarran — Laboratory of Artificial Vision and Thermography/Mechatronics, Faculty of Engineering, Autonomous University of Queretaro, San Juan del Rio, Queretaro, Mexico; Artificial Intelligence Systems Applied to Biomedical and Mechanical Models, Faculty of Engineering, Autonomous University of Queretaro, San Juan del Rio, Mexico",
Academic Search Ultimate,asn,183431521,VirDetect-AI: a residual and convolutional neural network–based metagenomic tool for eukaryotic viral protein identification.,"This study addresses the challenging task of identifying viruses within metagenomic data, which encompasses a broad array of biological samples, including animal reservoirs, environmental sources, and the human body. Traditional methods for virus identification often face limitations due to the diversity and rapid evolution of viral genomes. In response, recent efforts have focused on leveraging artificial intelligence (AI) techniques to enhance accuracy and efficiency in virus detection. However, existing AI-based approaches are primarily binary classifiers, lacking specificity in identifying viral types and reliant on nucleotide sequences. To address these limitations, VirDetect-AI, a novel tool specifically designed for the identification of eukaryotic viruses within metagenomic datasets, is introduced. The VirDetect-AI model employs a combination of convolutional neural networks and residual neural networks to effectively extract hierarchical features and detailed patterns from complex amino acid genomic data. The results demonstrated that the model has outstanding results in all metrics, with a sensitivity of 0.97, a precision of 0.98, and an F1-score of 0.98. VirDetect-AI improves our comprehension of viral ecology and can accurately classify metagenomic sequences into 980 viral protein classes, hence enabling the identification of new viruses. These classes encompass an extensive array of viral genera and families, as well as protein functions and hosts.",20250101,"Zárate, Alida ; Díaz-González, Lorena ; Taboada, Blanca",Article,Academic Journal,Jan2025,true,Briefings in Bioinformatics,Virus identification ; Convolutional neural networks ; Proteomics ; Viral genomes ; Viral ecology,JOUR,,,1467-5463,,,,,eng,Oxford University Press / USA,15,1,15,26,1,10.1093/bib/bbaf001,,G0Y,,https://research.ebsco.com/plink/372f26ee-244e-399e-9722-962b98e470b4,,,,,"Alida Zárate — Doctorado en Ciencias, Instituto de Investigación en Ciencias Básicas Aplicadas (IICBA), Universidad Autónoma del Estado de Morelos, Cuernavaca, Morelos 62210, México | Lorena Díaz-González — Centro de Investigación en Ciencias, Universidad Autónoma del Estado de Morelos, Cuernavaca, Morelos 62210, México | Blanca Taboada — Departamento de Genética del Desarrollo y Fisiología Molecular, Instituto de Biotecnología, Universidad Nacional Autónoma de México, Cuernavaca, Morelos 62210, México",
Academic Search Ultimate,asn,188155934,Educational Chatbots: A Systematic Mapping Study.,"Chatbots, text or voice software entities, are consolidating their position in the education sector, as they have gone from being rustic tools to systems that can take an active role in the teaching and learning process. That is why we decide to elaborate a Systematic Mapping Study of works that have been published on educational chatbots in the last years. Our analysis has four objectives: 1) to know the purpose of chatbots; 2) to identify the educational levels in which the chatbots are employed; 3) to examine which interaction mechanisms are implemented by chatbots; and 4) to explore which technologies and software architectures predominate in the development of educational chatbots. Following solid methodologies for systematic reviews, we compiled 104 papers. Through the analysis of these works, we obtained an overview that can be useful for both specialists and newcomers to the domain, as it helps them understand the existing trends in these applications. Additionally, the discussion extends into the disruptive impact of generative AI and outlines critical open research questions that guide future investigations in educational chatbot development.",20251001,"Urquiza-Yllescas, José Fidel ; Mendoza, Sonia ; Sánchez-Adame, Luis Martín ; Rodríguez, José ; Decouchant, Dominique",Literature Review,Academic Journal,Oct2025,,Journal of Intelligent & Fuzzy Systems,Generative artificial intelligence ; Software architecture ; Learning ; Educational planning ; Research questions ; Chatbots ; Computer systems design and related services (except video game design and development),JOUR,,,1064-1246,,,,,eng,Sage Publications Inc.,990,960,31,49,4,10.1177/18758967251356870,,FLU,,https://research.ebsco.com/plink/c444c5c7-6971-3729-ac9b-ff1ca278846d,,,,,"José Fidel Urquiza-Yllescas — Computer Science Department, CINVESTAV, Mexico City, Mexico | Sonia Mendoza — Computer Science Department, CINVESTAV, Mexico City, Mexico | Luis Martín Sánchez-Adame — Design and Building Division, FES-Acatlán, UNAM, State of Mexico, Mexico | José Rodríguez — Computer Science Department, CINVESTAV, Mexico City, Mexico | Dominique Decouchant — Information Technologies Department, UAM-Cuajimalpa, Mexico City, Mexico",
Academic Search Ultimate,asn,187808869,Demand forecasting using KAN-RNN.,"In today's highly competitive business environment, organizations continuously strive to maintain their competitiveness and achieve sustainable profit margins to support long-term growth and development. Accurate demand forecasting has become a critical tool for decision-makers, as it allows better resource allocation, inventory management, and strategic planning. Recurrent deep learning methods, which use gating mechanisms to maintain an internal state aligned with time series data, are among the most widely used approaches to improve forecast accuracy. Despite their success, these models still exhibit significant untapped potential that could be realized by rethinking the design of their gating mechanisms. To address this, we introduce a novel demand forecasting method inspired by Kolmogorov–Arnold networks (KANs), featuring a modified recurrent architecture with a restructured gating mechanism. This innovation leverages KAN principles to enhance the model's capacity to capture intricate temporal dependencies and adapt to evolving demand patterns. Experimental evaluations demonstrate that the proposed method outperforms state-of-the-art approaches, highlighting its ability to provide more accurate and reliable demand forecasting results.",20250921,"Mejía-Muñoz, Jose-Manuel ; Mederos, Boris ; Avelar, Liliana ; Díaz-Román, José David ; Cruz-Mejia, Oliverio",Article,Academic Journal,Sep2025,true,Neural Computing & Applications,"Demand forecasting ; Recurrent neural networks ; Trend analysis ; Time series analysis ; Inventory control ; Process, Physical Distribution, and Logistics Consulting Services ; All Other Support Services",JOUR,,,0941-0643,,,,,eng,Springer Nature,22874,22857,18,37,27,10.1007/s00521-025-11514-w,,8HG,,https://research.ebsco.com/plink/3835c40e-12bd-371b-a4a5-b9547045071c,,,,,"Jose-Manuel Mejía-Muñoz — Electrical and Computation Engineering Department, Universidad Autónoma de Ciudad Juárez, Av. del Charro, 32320, Ciudad Juárez, CHIH., Mexico | Boris Mederos — Mathematics and Physics Department, Universidad Autónoma de Ciudad Juárez, Av. del Charro, 32320, Ciudad Juárez, CHIH., Mexico | Liliana Avelar — Industrial and Manufacturing Engineering Department, Universidad Autónoma de Ciudad Juárez, Av. del Charro, 32320, Ciudad Juárez, CHIH., Mexico | José David Díaz-Román — Electrical and Computation Engineering Department, Universidad Autónoma de Ciudad Juárez, Av. del Charro, 32320, Ciudad Juárez, CHIH., Mexico | Oliverio Cruz-Mejia — Industrial Engineering Department, Universidad Nacional Autónoma de México, FES Aragón, 57171, Ciudad Nezahualcóyotl, Mexico",
Academic Search Ultimate,asn,181163649,Correlations and Fractality in Sentence-Level Sentiment Analysis Based on VADER for Literary Texts.,"We perform a sentence-level sentiment analysis study of different literary texts in English language. Each text is converted into a series in which the data points are the sentiment value of each sentence obtained using the sentiment analysis tool (VADER). By applying the Detrended Fluctuation Analysis (DFA) and the Higuchi Fractal Dimension (HFD) methods to these sentiment series, we find that they are monofractal with long-term correlations, which can be explained by the fact that the writing process has memory by construction, with a sentiment evolution that is self-similar. Furthermore, we discretize these series by applying a classification approach which transforms the series into a one on which each data point has only three possible values, corresponding to positive, neutral or negative sentiments. We map these three-states series to a Markov chain and investigate the transitions of sentiment from one sentence to the next, obtaining a state transition matrix for each book that provides information on the probability of transitioning between sentiments from one sentence to the next. This approach shows that there are biases towards increasing the probability of switching to neutral or positive sentences. The two approaches supplement each other, since the long-term correlation approach allows a global assessment of the sentiment of the book, while the state transition matrix approach provides local information about the sentiment evolution along the text.",20241101,"Hernández-Pérez, Ricardo ; Lara-Martínez, Pablo ; Obregón-Quintana, Bibiana ; Liebovitch, Larry S. ; Guzmán-Vargas, Lev",Article,Academic Journal,Nov2024,true,Information,Sentiment analysis ; Writing processes ; English language ; Social systems ; Fractal dimensions,JOUR,,,2078-2489,,,,,eng,MDPI,,698,,15,11,10.3390/info15110698,,B74H,,https://research.ebsco.com/plink/a32b8cfd-e725-368d-ac29-022b3ddac6fb,,,,,"Ricardo Hernández-Pérez — Escuela Superior de Física y Matemáticas, Instituto Politécnico Nacional, Edif. 9, 2o. Piso, UP Zacatenco, Mexico City 07738, Mexico | Pablo Lara-Martínez — Facultad de Ciencias, Universidad Nacional Autónoma de México, Mexico City 04510, Mexico | Bibiana Obregón-Quintana — Facultad de Ciencias, Universidad Nacional Autónoma de México, Mexico City 04510, Mexico | Larry S. Liebovitch — Department of Physics, Queens College, City University of New York, New York, NY 11367, USA; Advanced Consortium on Cooperation, Conflict and Complexity (AC4), Climate School, Columbia University, New York, NY 10027, USA | Lev Guzmán-Vargas — Escuela Superior de Física y Matemáticas, Instituto Politécnico Nacional, Edif. 9, 2o. Piso, UP Zacatenco, Mexico City 07738, Mexico",
Academic Search Ultimate,asn,176726778,DeepReg: a deep learning hybrid model for predicting transcription factors in eukaryotic and prokaryotic genomes.,"Deep learning models (DLMs) have gained importance in predicting, detecting, translating, and classifying a diversity of inputs. In bioinformatics, DLMs have been used to predict protein structures, transcription factor-binding sites, and promoters. In this work, we propose a hybrid model to identify transcription factors (TFs) among prokaryotic and eukaryotic protein sequences, named Deep Regulation (DeepReg) model. Two architectures were used in the DL model: a convolutional neural network (CNN), and a bidirectional long-short-term memory (BiLSTM). DeepReg reached a precision of 0.99, a recall of 0.97, and an F1-score of 0.98. The quality of our predictions, the bias-variance trade-off approach, and the characterization of new TF predictions were evaluated and compared against those produced by DeepTFactor, as well as against experimental data from three model organisms. Predictions based on our DLM tended to exhibit less variance and bias than those from DeepTFactor, thus increasing reliability and decreasing overfitting.",20240421,"Ledesma-Dominguez, Leonardo ; Carbajal-Degante, Erik ; Moreno-Hagelsieb, Gabriel ; Perez-Rueda, Ernesto",Article,Academic Journal,4/21/2024,true,Scientific Reports,Prokaryotic genomes ; Convolutional neural networks ; Blended learning ; Transcription factors ; Deep learning ; Amino acid sequence,JOUR,,,2045-2322,,,,,eng,Springer Nature,11,1,11,14,1,10.1038/s41598-024-59487-5,,FKQS,,https://research.ebsco.com/plink/71f7d3d8-e097-37f2-84b8-f4415222d979,,,,,"Leonardo Ledesma-Dominguez — Posgrado en Ciencia en Ingeniería de la Computación, Universidad Nacional Autónoma de México, 04510, Mexico City, Mexico; Instituto de Investigaciones en Matemáticas Aplicadas y en Sistemas, UNAM, 04510, Mexico City, México | Erik Carbajal-Degante — Coordinación de Universidad Abierta, Innovación Educativa y Educación a Distancia (CUAIEED), Universidad Nacional Autónoma de México, 04510, Mexico City, México | Gabriel Moreno-Hagelsieb — Department of Biology, Wilfrid Laurier University, Waterloo, ON, Canada | Ernesto Pérez-Rueda — Instituto de Investigaciones en Matemáticas Aplicadas y en Sistemas, Unidad Académica del Estado de Yucatán, Universidad Nacional Autónoma de México, Mérida, Yucatán, México",
Academic Search Ultimate,asn,189885990,Membrane and vesicle structure detection in cryo-electron tomography based on deep learning.,"Cryo-electron tomography (cryo-ET) is a microscopy technique that enables the acquisition of 3D images of biological samples. Research in cell biology has shown that cellular processes are carried out by groups of macromolecules that interact in a crowded environment. In such an environment, where multiple biological macromolecules coexist and intertwine, semantic segmentation becomes even more challenging but crucial to understanding the structure and function of macromolecular complexes. However, manual semantic segmentation can be time-consuming, highly subjective, and prone to variability, which poses significant obstacles in studies dealing with large volumes of data. In contrast, automated algorithms such as Convolutional Neural Networks (CNNs) can process large-scale datasets with minimal human resources, thereby reducing the subjectivity associated with manual segmentation. In this work, we propose a convolutional neural network architecture that combines the features of U-Net, DeepLab, SegNet, Gated-SCNN, LSTM (Long Short-Term Memory), RNN (Recurrent Neural Network), and GAN (Generative Adversarial Network) architectures. This hybrid architecture effectively learns to identify different types of membranes and can replicate the behavior of a skilled human annotator. This system demonstrates a strong ability to segment various cellular membranes and vesicle structures.",20251201,"Morales-Martínez, Alain ; Garduño, Edgar ; Carazo, José María ; Sorzano, Carlos Oscar S. ; Vilas, José Luis",Article,Academic Journal,Dec2025,true,Journal of Structural Biology,Deep learning ; Convolutional neural networks ; Image segmentation ; Algorithms ; Biological membranes ; Cytology ; Electron microscopy,JOUR,,,1047-8477,,,,,eng,Academic Press Inc.,N.PAG,N.PAG,,217,4,10.1016/j.jsb.2025.108258,,L37,,https://research.ebsco.com/plink/13949ac3-64e3-35ab-ab26-d8f8715d9c26,,,,,"Alain Morales-Martínez — Posgrado en Ingeniería Eléctrica, Universidad Nacional Autónoma de México, Cd. Universitaria, C.P. 04510, Mexico City, Mexico | Edgar Garduño — Department of Computer Science, Instituto de Investigaciones en Matemáticas Aplicadas y en Sistemas, Universidad Nacional Autónoma de México, Mexico City, 04510, Mexico | José María Carazo — National Center for Biotechnology, CSIC, Campus Univ. Autónoma de Madrid, 28049, Cantoblanco, Madrid, Spain | Carlos Oscar S. Sorzano — Univ. San Pablo CEU, Campus Urb. Montepríncipe s/n, 28668, Boadilla del Monte, Madrid, Spain; National Center for Biotechnology, CSIC, Campus Univ. Autónoma de Madrid, 28049, Cantoblanco, Madrid, Spain | José Luis Vilas — National Center for Biotechnology, CSIC, Campus Univ. Autónoma de Madrid, 28049, Cantoblanco, Madrid, Spain",
Academic Search Ultimate,asn,186837536,Multilingual identification of nuanced dimensions of hope speech in social media texts.,"Hope plays a crucial role in human psychology and well-being, yet its expression and detection across languages remain underexplored in natural language processing (NLP). This study presents MIND-HOPE, the first-ever multiclass hope speech detection datasets for Spanish and German, collected from Twitter. The annotated dataset comprise 19,183 Spanish tweets and 21,043 German tweets, categorized into four classes: Generalized Hope, Realistic Hope, Unrealistic Hope, and Not Hope. The paper also provides a comprehensive review of existing hope speech datasets and detection techniques, and conducts a comparative evaluation of traditional machine learning, deep learning, and transformer-based approaches. Experimental results, obtained using 5-fold cross-validation, show that monolingual transformer models (e.g., bert-base-german-dbmdz-uncased and bert-base-spanish-wwm-uncased) consistently outperform multilingual models (e.g., mBERT, XLM-RoBERTa) in both binary and multiclass hope detection tasks. These findings underscore the value of language-specific fine-tuning for nuanced affective computing tasks. This study advances sentiment analysis by addressing a novel and underrepresented affective dimension-hope, and proposes robust multilingual benchmarks for future research. Theoretically, it contributes to a deeper understanding of hope as a complex emotional state with practical implications for mental health monitoring, social well-being analysis, and positive content recommendation in online spaces. By modeling hope across languages and categories, this research opens new directions in affective NLP and cross-cultural computational social science.",20250723,"Sidorov, Grigori ; Balouchzahi, Fazlourrahman ; Ramos, Luis ; Gómez-Adorno, Helena ; Gelbukh, Alexander",Article,Academic Journal,7/23/2025,true,Scientific Reports,Affective computing ; Sentiment analysis ; Discourse analysis ; Machine learning ; Twitter (Web resource),JOUR,,,2045-2322,,,,,eng,Springer Nature,17,1,17,15,1,10.1038/s41598-025-10683-x,,FKQS,,https://research.ebsco.com/plink/a7e442c0-794c-347b-8736-22a799e978fa,,,,,"Grigori Sidorov — Instituto Politécnico Nacional (IPN), Centro de Investigación en Computación (CIC), Mexico City, Mexico | Fazlourrahman Balouchzahi — Instituto Politécnico Nacional (IPN), Centro de Investigación en Computación (CIC), Mexico City, Mexico | Luis Ramos — Instituto Politécnico Nacional (IPN), Centro de Investigación en Computación (CIC), Mexico City, Mexico | Helena Gómez-Adorno — Universidad Nacional Autónoma de México (UNAM), Instituto de Investigaciones en Matemáticas Aplicadas y Sistemas (IIMAS), Mexico City, Mexico | Alexander Gelbukh — Instituto Politécnico Nacional (IPN), Centro de Investigación en Computación (CIC), Mexico City, Mexico",
Academic Search Ultimate,asn,184749138,Proposal of a Methodology Based on Using a Wavelet Transform as a Convolution Operation in a Convolutional Neural Network for Feature Extraction Purposes.,"Using methodological tools to construct feature extraction from multidimensional data is challenging. Different treatments are required to build a coherent representation with those features that can be attenuated by various phenomena inherent to the observed process. It is interesting to note that in this methodological generation, several methods converge, such as Wavelet transform, focusing on convolution processing, windowed data shifting, and classification via Self-Organizing Maps. Likewise, a case study is presented in this work, allowing us to understand the scope of this methodological tool using an information cube to detect common features, as discussed previously.",20250401,"Pérez-Quezadas, Nora Isabel ; Benítez-Pérez, Héctor ; Durán-Chavesti, Adrián",Article,Academic Journal,Apr2025,true,Algorithms,Convolutional neural networks ; Discrete wavelet transforms ; Wavelet transforms ; Feature extraction ; Self-organizing maps,JOUR,,,1999-4893,,,,,eng,MDPI,,221,,18,4,10.3390/a18040221,,B03W,,https://research.ebsco.com/plink/bd624fc3-dd8e-343c-b0da-732f0f435cbf,,,,,"Nora Isabel Pérez-Quezadas — Departamento de Ingeniería en Sistemas Computacionales y Automatización (DISCA), Instituto de Investigaciones en Matemáticas Aplicadas y en Sistemas (IIMAS), CDMX, Universidad Nacional Autónoma de México (UNAM), Mexico City 04510, Mexico | Héctor Benítez-Pérez — Departamento de Ingeniería en Sistemas Computacionales y Automatización (DISCA), Instituto de Investigaciones en Matemáticas Aplicadas y en Sistemas (IIMAS), CDMX, Universidad Nacional Autónoma de México (UNAM), Mexico City 04510, Mexico | Adrián Durán-Chavesti — Departamento de Ingeniería en Sistemas Computacionales y Automatización (DISCA), Instituto de Investigaciones en Matemáticas Aplicadas y en Sistemas (IIMAS), CDMX, Universidad Nacional Autónoma de México (UNAM), Mexico City 04510, Mexico",
