Document Title,Authors,Author Affiliations,Publication Title,Date Added To Xplore,Publication Year,Volume,Issue,Start Page,End Page,Abstract,ISSN,ISBNs,DOI,Funding Information,PDF Link,Author Keywords,IEEE Terms,Mesh_Terms,Article Citation Count,Patent Citation Count,Reference Count,License,Online Date,Issue Date,Meeting Date,Publisher,Document Identifier
Development Of An Algorithm For Strength Training With Use Haptic Feedback And Artificial Intelligence (AI) Based Enhancement,E. A. Villegas-Jiménez; A. H. Bello-Guerrero; M. D. Padilla-Torres; L. N. Villagómez-Venegas; C. S. Chávez-Ramírez,"Facultad de Estudios Superiores ""Aragón"", Universidad Nacional Autónoma de México, Estado de México, México; Facultad de Estudios Superiores ""Aragón"", Universidad Nacional Autónoma de México, Estado de México, México; Facultad de Estudios Superiores ""Aragón"", Universidad Nacional Autónoma de México, Estado de México, México; Facultad de Estudios Superiores ""Aragón"", Universidad Nacional Autónoma de México, Estado de México, México; Facultad de Estudios Superiores ""Aragón"", Universidad Nacional Autónoma de México, Estado de México, México","2025 5th International Conference on Electrical, Computer and Energy Technologies (ICECET)",9 Apr 2026,2025,,,1,6,"The increasing popularity of the use of AI in everyday life has enabled the development of virtual systems for human assistance. This research proposes an implemented linear regression model with a vector of random weights, using a mean square error (MSE), based cost function and regularisation and corresponding Python code that integrates AI-based haptic feedback through vibration, specifically designed to optimise weight training.The results of the simulation model analysis show how key biomechanical parameters are identified and used to improve a person's posture by adjusting technique through real-time vibrational stimuli. The development of the system involves physical benefits such as injury prevention, continuous biomechanical monitoring, adaptive programme structuring and haptic vibration feedback for immediate movement correction. Popular and accurate tools for building linguistic models are mentioned, such as machine learning, computer vision and neural networks. Technological tools such as machine learning, computer vision and neural networks, applied to process biomechanical data and trigger personalised vibrational responses, are highlighted.",,979-8-3315-3559-9,10.1109/ICECET63943.2025.11472504,,https://ieeexplore.ieee.org/stamp/stamp.jsp?arnumber=11472504,AI;virtual coach;strength training;biomechanics;haptic feedback;python,Feedback;Circuits;Oscillators;Rectifiers;Internet of Things;Internet;Communication systems;Protocols;Telecommunication computing;Computer networks,,,,27,IEEE,9 Apr 2026,3-6 July 2025,3-6 July 2025,IEEE,IEEE Conferences
Pseudo-Temporal Modeling with 2D CNNs for Framewise Surgical Gesture Segmentation in Robot-Assisted Surgery,D. Haro-Mendoza; G. A. Castro Vazquez; A. Leonardo Campos Carreras; A. J. Diaz Urias; V. J. Gonzalez-Villela; M. Cedillo-Hernandez; R. E. Arevalo-Ancona,"Dept. of Mechatronics Engineering, Faculty of Engineering, Universidad Nacional Autónoma de México, Mexico City, Mexico; Dept. of Mechatronics Engineering, Faculty of Engineering, Universidad Nacional Autónoma de México, Mexico City, Mexico; Dept. of Biomedical Systems Engineering, Faculty of Engineering, Universidad Nacional Autónoma de México, Mexico City, Mexico; Dept. of Mechatronics Engineering, Faculty of Engineering, Universidad Nacional Autónoma de México, Mexico City, Mexico; Dept. of Mechatronics Engineering, Faculty of Engineering, Universidad Nacional Autónoma de México, Mexico City, Mexico; SEPI ESIME Culhuacán, Instituto Politécnico Nacional, Mexico City, Mexico; SEPI ESIME Culhuacán, Instituto Politécnico Nacional, Mexico City, Mexico","2025 6th International Conference on Communications, Information, Electronic and Energy Systems (CIEES)",25 Dec 2025,2025,,,1,5,"Surgical procedures can be decomposed into elementary units (tasks, surgemes, and dexemes) that represent the building blocks of surgical performance. Segmenting gestures at this level is crucial for objective skill assessment and for understanding how simple movements are concatenated to form complete procedures, ultimately supporting the development of training and evaluation systems. In this work, we present a pseudo-temporal modeling approach for surgical gesture segmentation using a 2D ResNet-50 convolutional network trained exclusively on RGB frames. During training, each video was divided into eight equal segments, which were used to feed the network and generate gesture-level probabilities. To optimize learning, an adaptive Exponential Moving Average (EMA) mechanism was applied to stabilize weight updates and reinforce poorly performing gesture classes. At inference, complete surgical videos were processed with an overlapping sliding window of eight frames, where each frame could be evaluated multiple times in different contexts. Frame-level probabilities were averaged across overlapping windows and refined through a temporal mode filter, producing stable and coherent gesture sequences. The method was validated on the JIGSAWS dataset, which includes the Suturing, Knot Tying, and Needle Passing tasks. Results showed reliable recognition across all procedures: Suturing achieved 82.26%, Knot Tying 91.97%, and Needle Passing 79.35%. Training required approximately one hour, and inference on a complete video of 2950 frames was performed in about 45 seconds, also generating a labeled output video. By relying solely on 2D convolutions and RGB input, the approach achieves accurate and efficient segmentation with low computational cost, making it suitable for surgical training environments with limited resources and applicable in near real-time scenarios.",,979-8-3315-0119-8,10.1109/CIEES66347.2025.11300252,,https://ieeexplore.ieee.org/stamp/stamp.jsp?arnumber=11300252,surgical gesture segmentation;pseudo-temporal modeling;2d convolutional neural networks;resnet 50;exponential moving average,Training;Adaptation models;Accuracy;Computational modeling;Surgery;Needles;Real-time systems;Windows;Convolutional neural networks;Videos,,,,13,IEEE,25 Dec 2025,26-28 Nov. 2025,26-28 Nov. 2025,IEEE,IEEE Conferences
"Deep Learning Approach for Aortic Valve Localization, Detection and Segmentation in Computed Tomography Volumes",R. O. Azuara-Domínguez; J. Olveres; B. Escalante-Ramírez; E. Vallejo,"Posgrado de Ingeniería Eléctrica, Universidad Nacional Autónoma de México, Mexico City, Mexico; Facultad de Ingeniería, Universidad Nacional Autónoma de México, Mexico City, Mexico; Facultad de Ingeniería, Universidad Nacional Autónoma de México, Mexico City, Mexico; Centro Médico ABC, Mexico city, Mexico",2025 IEEE 38th International Symposium on Computer-Based Medical Systems (CBMS),4 Jul 2025,2025,,,1,4,"Standard view cardiac computed tomography (CT) images are of great importance in clinical practice due to the valuable diagnostic information they provide. However, navigating these (3D) medical images to identify such a view can represent a time-consuming process, subject to inter-operator variability. This study presents an approach using a Multiscale Vision Transformer (MViT) to infer the rotation parameters required to obtain standard views and subsequently focus on extracting the left ventricular outflow tract (LVOT) view. Once this view is obtained, the aortic valve is detected and segmented using well-known convolutional neural networks (CNNs), specifically ResNet18 for detection and U-Net for segmentation. The methodology used for its training is detailed, along with the metrics employed to evaluate their performance. Finally, the results obtained for each stage are presented. This approach provides a clear understanding of the performance of each model, from rotation parameter prediction to aortic valve detection and segmentation.",2372-9198,979-8-3315-2610-8,10.1109/CBMS65348.2025.00063,,https://ieeexplore.ieee.org/stamp/stamp.jsp?arnumber=11058708,3D volume Cardiac CT;Deep Learning;Regression;Segmentation;Rotation matrix;Attention,Deep learning;Image segmentation;Three-dimensional displays;Computed tomography;Computational modeling;Pipelines;Predictive models;Valves;Data models;Standards,,,,12,IEEE,4 Jul 2025,18-20 June 2025,18-20 June 2025,IEEE,IEEE Conferences
A Reasoning System for Graded Modal Logic,R. López-Villafán; E. Bárcenas,"IIMAS: Posgrado en Ciencia e lngeniería de la Computación, Universidad Nacional Autónoma de México, Mexico City, Mexico; Facultad de Ingenería: Dpto. de Computación, Universidad Nacional Autónoma de México, Mexico City, Mexico",2024 12th International Conference in Software Engineering Research and Innovation (CONISOFT),18 Dec 2024,2024,,,228,236,"In this paper, we propose a deduction system for the modal logic $\mathbf{K}$ with graded modalities, which is obtained by adding numerical constraints to the modal operators. Graded modalities can be seen as a generalization of traditional modal operators since they include numerical bounds in the modalities, thus enabling the formal treatment of more detailed expressions, such as “there are at least $n+1$ individuals satisfying a certain property”, where $n$ is a natural number. This kind of properties commonly arise in contexts such as concurrent systems: “if at least 3 processors are free, then proceed to compute the next task”, or epistemic logic:”if more than 2 people know $P$, then $P$ is known”. The system is based on the notion of tree-hypersequents. We show the system is correct, i.e. sound and complete.",,979-8-3315-3211-6,10.1109/CONISOFT63288.2024.00037,,https://ieeexplore.ieee.org/stamp/stamp.jsp?arnumber=10795561,graded modalities;proof theory;hypersequents;automated reasoning,Technological innovation;Interpolation;Program processors;Computational modeling;Syntactics;Cognition;Numerical models;Logic;Iterative methods;Formal verification,,,,21,IEEE,18 Dec 2024,28 Oct.-1 Nov. 2024,28 Oct.-1 Nov. 2024,IEEE,IEEE Conferences
Large-Scale Validation and Analysis of the Rejection Capacity in Entropic Associative Memory,Á. F. Bórquez; R. Morales; L. A. Pineda,"Universidad de Sonora, Guadalajara, Jalisco, México; Universidad de Guadalajara, Guadalajara, Jalisco, México; Universidad Nacional Autónoma de México, Guadalajara, Jalisco, México",2025 Mexican International Conference on Computer Science (ENC),2 Jan 2026,2025,,,1,5,"The Entropic Associative Memory (EAM) is a cognitively inspired computational model that combines probabilistic recognition with an efficient pattern storage and retrieval architecture. Previous evaluations, limited to small domains of about ten classes and a few thousand instances per class, showed promising results in classification and reconstruction. This work extends those studies in two ways. First, we assess scalability using Googles Quick, Draw! dataset, which includes over 300 classes and 100,000 instances per class. Second, we test EAMs rejection capability by storing only half of the classes and evaluating performance on the full dataset. Results confirm EAMs adaptability to large-scale scenarios and its effective rejection of novel stimuli, underscoring its potential as a robust and explainable AI model.",2332-5712,979-8-3315-9026-0,10.1109/ENC68268.2025.11311908,,https://ieeexplore.ieee.org/stamp/stamp.jsp?arnumber=11311908,Entropic Associative Memory;Quick Draw;scalability;open-set recognition;rejection,Computer science;Associative memory;Explainable AI;Scalability;Computational modeling;Deep architecture;Computer architecture;Probabilistic logic;Pattern recognition;Context modeling,,,,9,IEEE,2 Jan 2026,10-14 Nov. 2025,10-14 Nov. 2025,IEEE,IEEE Conferences
A Framework for Dynamic User Modeling Integrating Data Stream Mining and Process Mining in Educational Contexts,M. Yesenia Zavaleta-Sanchez; E. Benitez-Guerrero; G. Gilberto Molero-Castillo; C. Mezura-Godoy; L. Gerardo Montane-Jimenez,"Facultad de Estadística e Informática, Universidad Veracruzana (UV), Xalapa, Heroica Veracruz, Mexico; Facultad de Estadística e Informática, Universidad Veracruzana (UV), Xalapa, Heroica Veracruz, Mexico; Departamento de Computación, Facultad de Ingeniería, Universidad Nacional Autónoma de México (UNAM), Mexico City, Mexico; Facultad de Estadística e Informática, Universidad Veracruzana (UV), Xalapa, Heroica Veracruz, Mexico; Facultad de Estadística e Informática, Universidad Veracruzana (UV), Xalapa, Heroica Veracruz, Mexico",IEEE Access,26 Sep 2025,2025,13,,166078,166103,"A user model (UM) is a representation of the characteristics, behaviors, and preferences of a user that a computer system utilizes to provide the user with personalized experiences. In educational settings, for instance, a system can use information about the Learning Styles (LSs) of a student to provide them with adequate study materials. Furthermore, with the growing use of Learning Management System (LMS) platforms, such as Moodle, continuous streams of user data highlight the need to compute student models dynamically to support adaptive decision-making in teaching and learning. This paper introduces a framework for Dynamic User Modeling (DUMING) to create evolving Dynamic User Models (DUMs) that capture and adapt to changes in student LSs over time, based on event log streams from an LMS. This framework leverages the Felder and Silverman Learning Styles Model (FSLSM) and integrates Data Stream Mining (DSM) and Process Mining (PM) techniques across three layers: collection, preprocessing, and mining. Collected event streams are processed within landmark windows and classified into High-Level Events (HLEs) based on LMS functionality. The STREAMKMeans algorithm clusters events, and the PM phase uses Alpha Miner (AM), Heuristic Miner (HM), and Inductive Miner (IM) algorithms to identify learning paths represented as Petri Nets (PNs), with IM showing the highest values in the quality metrics used. Implemented and evaluated in a course using Moodle at the Universidad Veracruzana in Mexico, the framework employs IF-THEN rules to relate HLE proportions to FSLSM-based LSs, visualizing changes through radar charts. The results demonstrate the effectiveness of the framework in generating adaptive DUMs, providing insights that enhance over time educational support and enable timely interventions.",2169-3536,,10.1109/ACCESS.2025.3611957,"National Council of Humanities, Sciences, and Technologies (CONAHCYT, Mexico)(grant numbers:743385); CONAHCYT, in the Scope of the Project “Infraestructura para Agilizar el Desarrollo de Sistemas Centrados en el Usuario” (Cátedras)(grant numbers:3053); ",https://ieeexplore.ieee.org/stamp/stamp.jsp?arnumber=11173584,Clustering data stream mining;dynamic user modeling;educational data mining;learning styles;process mining,Adaptation models;Data models;Computational modeling;Context modeling;Time division multiplexing;Heuristic algorithms;Visualization;Process mining;Sensors;Clustering algorithms,,1,,61,CCBY,19 Sep 2025,2025,,IEEE,IEEE Journals
Detection of DoS and DDoS Attacks Using LSTM in Computer Networks: A Systematic Literature Review,A. E. Godínez; J. L. Garza Rivera; D. T. Varela,"CDMX, Universidad Da Vinci, México; CDMX, Universidad Da Vinci, México; Facultad de Estudios Superiores Cuautitlán, Universidad Nacional Autónoma de México, Cuautitlan Izcalli, México",2025 IEEE Latin American School on Computational Intelligence and Robotics (SAIBOT),22 Jan 2026,2025,,,94,102,"Artificial Intelligence (AI), with machine learning (ML) models and deep learning (DL) neural networks, represents a possibility for detecting DoS/DDoS attacks more effectively. The LSTM (Long Short-Term Memory) model is one of the options for detecting these increasingly varied and sophisticated attacks. The objective of this research was to evaluate the application of the LSTM model in the detection of DoS and DDoS cyber attacks on communications networks. This research was designed as a Systematic Literature Review to obtain the most recent studies on the subject. As a result, 86 initial studies were obtained from the databases. Once the entire procedure, including the quality assessment of the studies, was completed, 15 final primary studies were selected. With these primary studies, it was possible to answer all the questions in the review. It should be noted that modern SDN (Software Defined Network) networks, Cloud Computing networks, and classic networks are threatened by this type of attack. The LSTM models applied in the detection of DoS/DDoS attacks can be hybrid or combined. The most commonly used evaluation metrics are Accuracy, Recall, Precision, and F1-Score, and the most frequently found public datasets include NSL-KDD, CICDoS2019, and CICIDS2017. A wide variety of LSTM-based models and approaches that can be used to experiment and compare their performance in terms of communications network security.",,979-8-3315-8719-2,10.1109/SAIBOT67519.2025.00021,,https://ieeexplore.ieee.org/stamp/stamp.jsp?arnumber=11344499,Long short term memory;Systematic literature review;Machine learning;Denial-of-service attack;Network security,Measurement;Computational modeling;Denial-of-service attack;NSL-KDD;Market research;Communication networks;Software defined networking;Long short term memory;Cyberattack;Systematic literature review,,,,21,IEEE,22 Jan 2026,28-31 Oct. 2025,28-31 Oct. 2025,IEEE,IEEE Conferences
A Parallel Steganography Algorithm Using a New Secret Key Generation,A. I. H. Al-Jarah; J. L. O. Arjona,"Postgraduate in Science and Computing Engineering, National Autonomous University of Mexico, Mexico City, Mexico; Mathematics department, Science faculty National Autonomous University of Mexico, Mexico City, Mexico","2024 IEEE 15th Annual Ubiquitous Computing, Electronics & Mobile Communication Conference (UEMCON)",20 Nov 2024,2024,,,356,365,"Computation has mostly used parallelism for high-performance computation, and multicore processors have gained popularity because they offer better processing time. However, one of the most challenging tasks to achieve is securely exchange confidential data over the network between sender and receiver. The research work in this paper explains how secret key steganography, combined with parallel processing, is utilized to conceal secret data within an image. The proposed algorithm describes and focuses on the generation method of a secret key while merging it with the Least Significant Bit (LSB) algorithm to achieve robustness, as well as parallel computing to improve the processing time in both the encoding/decoding phases. The proposed algorithm adds another layer of security by adding a robustness parameter (secret key), convenient for keeping secret, confidential, and crucial data. Parallel processing, combined with the new method to formulate the secret key is the novelty and strongest attribute of the proposed algorithm. When parallel computing is applied, the process speeds up compared with the same algorithm in the sequential version. The results are compared with the LSB algorithm in terms of the peak signal to noise ratio (PSNR) and mean square error (MSE) values, aspiring to present that the proposed algorithm adds robustness without affecting image imperceptibility.",,979-8-3315-4090-6,10.1109/UEMCON62879.2024.10754748,,https://ieeexplore.ieee.org/stamp/stamp.jsp?arnumber=10754748,Hiding data;Image steganography;Processing time improvement;Parallel steganography;Secret key steganography;Steganography,Steganography;Visualization;PSNR;Program processors;Multicore processing;Receivers;Parallel processing;Mobile communication;Robustness;Security,,,,18,IEEE,20 Nov 2024,17-19 Oct. 2024,17-19 Oct. 2024,IEEE,IEEE Conferences
Optimization of Deep Learning Architectures for Accurate Prediction of Protein-Ligand Binding in Drug Discovery,J. M. Hernández Duarte; A. Y. Alarcón López; E. R. Ángeles Anguiano,"Universidad Da Vinci, Ciudad de México, Mexico; Departamento de Ciencias Quimicas, FES Cuautitlán - UNAM, Cuautitlán Izcalli, Mexico; Departamento de Ciencias Quimicas, FES Cuautitlán - UNAM, Cuautitlán Izcalli, Mexico",2025 IEEE Latin American School on Computational Intelligence and Robotics (SAIBOT),22 Jan 2026,2025,,,131,135,"Drug discovery is an intricate and costly process, in which the accurate prediction of protein-ligand binding affinity (BAP) represents a critical step. This systematic review article addresses the state of the art in this field, focusing on the evolution and optimization of deep learning (DL) architectures that have emerged as a robust alternative to traditional computational and experimental methods. A taxonomy is proposed that classifies DL models based on their data representation: structure-based models (such as convolutional and graph neural networks), sequence-based models, and hybrid and multimodal approaches. Comparative analysis highlights the superiority of architectures that integrate multimodal information and employ attention mechanisms, demonstrating improved predictive accuracy and generalization capabilities. Nonetheless, there are still issues, such as the limited interpretability of the model or the bias and scarcity of training data. Finally, future research directions emphasize the revolutionary potential of quantum computing, which promises to overcome computational and data limitations, and generative artificial intelligence, which enables de novo molecular design. This work directs the scientific community to the most promising research areas by offering a conceptual framework for comprehending the state of DL-driven BAP today.",,979-8-3315-8719-2,10.1109/SAIBOT67519.2025.00025,,https://ieeexplore.ieee.org/stamp/stamp.jsp?arnumber=11344140,Drug discovery;Computational chemistry;Deep learning;Attention mechanisms;Quantum computing,Proteins;Deep learning;Quantum computing;Accuracy;Computational modeling;Taxonomy;Computer architecture;Data models;Drug discovery;Optimization,,,,21,IEEE,22 Jan 2026,28-31 Oct. 2025,28-31 Oct. 2025,IEEE,IEEE Conferences
Data-Driven Power System Linear Model Identification via Quadrature-Based Balanced Truncation,M. R. Arrieta Paternina; J. A. Moreno Corbea; J. M. Ramirez-Arredondo; J. H. Chow; A. Zamora-Mendez,"Universidad Nacional Autonoma de Mexico (UNAM), MX; Universidad Nacional Autonoma de Mexico (UNAM), MX; Centro de Investigacion y de Estudios Avanzados del IPN, Unidad Guadalajara, MX; Rensselaer Polytechnic Institute, US; Universidad Michoacana San Nicolas de Hidalgo, MX",IEEE Latin America Transactions,7 Aug 2025,2025,23,9,787,798,"This paper introduces the novel formulation of the quadrature-based balanced truncation (QBBT) method to precisely identify large-scale power system linear models. The QBBT interpolates a directional frequency dataset that is extracted from a dynamic system, following a quadrature rule to be applied from weighted data to derive a linear system model based on approximations of Gramians, and providing an alternative approach to the classic balanced truncation (BT) formulation that makes use of the system model. In this investigation, an accurate theoretical framework is presented to achieve the application of QBBT considering power systems as black-box models. The Boyd/Clenshaw-Curtis (BCC) quadrature rule is implemented by using different adjustments to accurately identify linear models of different order. The attained results and their validation with analytical power system models confirm the method's potential to retail oscillatory dynamics. The QBBT's effectiveness is compared with the Loewner-based frequency interpolation (LBFI) approach and the BT method on the Klein-Rogers-Kundur (KRK) benchmark power system and the equivalent of the New England transmission system - New York power system (NETS-NYPS), achieving a small absolute error in the magnitude of the frequency response of the models of the order of 1x10-3 dB in comparison with other state-of-the-art methods.",1548-0992,,10.1109/TLA.2025.11119494,,https://ieeexplore.ieee.org/stamp/stamp.jsp?arnumber=11119494,balanced truncation;quadrature rules;system identification;directional frequency data-set;power system linear model,Power system dynamics;Numerical models;Accuracy;Power system stability;Modeling;Mathematical models;Data models;Analytical models;Interpolation;System identification,,3,,,IEEE,7 Aug 2025,Sept. 2025,,IEEE,IEEE Journals
Sparse Dynamic Network Reconstruction Through L1-regularization of a Lyapunov Equation,I. X. Belaustegui; M. O. Arango; R. Rossi-Pool; N. E. Leonard; A. Franci,"Department of Mechanical and Aerospace Engineering, Princeton University; Department of Mechanical and Aerospace Engineering, Princeton University; Instituto de Fisiología Celular - Neurociencias and Centro de Ciencias de la Complejidad, Universidad Nacional Autónoma de México, México; Department of Mechanical and Aerospace Engineering, Princeton University; Department of Electrical Engineering and Computer Science, University of Liege, and WEL Research Institute, Wavre, Belgium",2024 IEEE 63rd Conference on Decision and Control (CDC),26 Feb 2025,2024,,,4544,4549,"An important problem in many areas of science is that of recovering interaction networks from high-dimensional time-series of many interacting dynamical processes. A common approach is to use the elements of the correlation matrix or its inverse as proxies of the interaction strengths, but the reconstructed networks are necessarily undirected. Transfer entropy methods have been proposed to reconstruct directed networks, but the reconstructed network lacks information about interaction strengths. We propose a network reconstruction method that inherits the best of the two approaches by reconstructing a directed weighted network from noisy data under the assumption that the network is sparse and the dynamics are governed by a linear (or weakly-nonlinear) stochastic dynamical system. The two steps of our method are i) constructing an (infinite) family of candidate networks by solving the covariance matrix Lyapunov equation for the state matrix and ii) using $L_{1}$-regularization to select a sparse solution. We further show how to use prior information on the (non)existence of a few directed edges to dramatically improve the quality of the reconstruction.",2576-2370,979-8-3503-1633-9,10.1109/CDC56724.2024.10885791,,https://ieeexplore.ieee.org/stamp/stamp.jsp?arnumber=10885791,,Correlation;Reconstruction algorithms;Entropy;Sparse matrices;Noise measurement;Covariance matrices;Dynamical systems,,,,24,IEEE,26 Feb 2025,16-19 Dec. 2024,16-19 Dec. 2024,IEEE,IEEE Conferences
Tool-Assisted Annotation of Seafloor Sediment-Linked Features Using Weakly Supervised Semantic Segmentation,S. Heidari; M. Rogers; J. Wang; D. A. S. Valdez; S. Schenone; G. Cunnington; P. Delmas; S. Thrush,"Institute of Marine Science, The University of Auckland, Auckland, New Zealand; Centre for Data Science and Artificial Intelligence, Victoria University of Wellington, Wellington, New Zealand; Intelligent Vision Systems Lab (IVSLab), The University of Auckland, Auckland, New Zealand; ICAT, UNAM, Mexico City, Mexico; Institute of Marine Science, The University of Auckland, Auckland, New Zealand; Institute of Marine Science, The University of Auckland, Auckland, New Zealand; Intelligent Vision Systems Lab (IVSLab), The University of Auckland, Auckland, New Zealand; Institute of Marine Science, The University of Auckland, Auckland, New Zealand",2025 40th International Conference on Image and Vision Computing New Zealand (IVCNZ),11 Dec 2025,2025,,,1,6,"Pixel-wise labeling of seafloor imagery is highly time-consuming, limiting the scalability of benthic habitat monitoring. While existing underwater computer vision research has largely focused on visually prominent habitats, sediment-linked benthic features remain underexplored and lack annotated datasets. To address this gap, we propose a tool-assisted annotation framework based on weakly supervised semantic segmentation. The framework follows a three-phase pipeline: feature-based pseudo-mask generation, binary classspecific segmentation, and iterative multiclass segmentation with pseudo-mask expansion and affinity-field regularization. Applied to six ecologically important sediment features, the approach progressively improves pseudo-label quality while reducing reliance on dense expert annotations, providing a scalable solution that can accelerate the annotation of seafloor sediment features. Code is available at: https://github.com/shahrokh1106/seafloor-sediment-segmentation",2151-2205,979-8-3315-8654-6,10.1109/IVCNZ67716.2025.11281825,MBIE(grant numbers:UOAX2307); ,https://ieeexplore.ieee.org/stamp/stamp.jsp?arnumber=11281825,weakly supervised learning;semantic segmentation;few-shot learning;feature enhancement;self-supervised learning;seafloor sediment,Weak supervision;Annotations;Semantic segmentation;Scalability;Sea floor;Habitats;Streaming media;Sediments;Iterative methods;Monitoring,,,,27,IEEE,11 Dec 2025,19-21 Nov. 2025,19-21 Nov. 2025,IEEE,IEEE Conferences
Real-Time Probabilistic Reachability Forecasting for Gliders in the Gulf of Mexico,E. M. Mule; P. J. Haley; C. Mirabito; S. F. DiMarco; S. Mahmud; A. Dancer; X. Ge; A. H. Knap; Y. Liu; U. C. Nwankwo; S. Glenn; T. N. Miles; D. Aragon; K. Coleman; M. Smith; M. Leber; R. Ramos; J. Storie; G. Stuart; J. Marble; P. Barros; E. P. Chassignet; A. Bower; H. H. Furey; B. J. De La Cruz; L. K. Shay; M. Tenreiro; E. P. Sanz; J. Sheinbaum; P. Perez-Brunius; D. Wilson; J. Van Smirren; R. Monreal-Jiménez; D. A. Salas-de-León; V. K. C. Tereza; M. Feldman; M. Khadka; P. F. J. Lermusiaux,"Department of Mechanical Engineering, Massachusetts Institute of Technology, Cambridge, MA; Department of Mechanical Engineering, Massachusetts Institute of Technology, Cambridge, MA; Department of Mechanical Engineering, Massachusetts Institute of Technology, Cambridge, MA; Department of Oceanography, Texas A&M University; Department of Oceanography, Texas A&M University; Department of Oceanography, Texas A&M University; Department of Oceanography, Texas A&M University; Department of Oceanography, Texas A&M University; Department of Oceanography, Texas A&M University; Department of Oceanography, Texas A&M University; Department of Marine and Coastal Sciences, Rutgers University; Department of Marine and Coastal Sciences, Rutgers University; Department of Marine and Coastal Sciences, Rutgers University; Department of Marine and Coastal Sciences, Rutgers University; Department of Marine and Coastal Sciences, Rutgers University; Woods Hole Group, Inc.; Woods Hole Group, Inc.; Woods Hole Group, Inc.; Fugro; Fugro; Fugro; Department of Earth, Ocean and Atmospheric Science, Florida State University; Physical Oceanography, Woods Hole Oceanographic Institution; Physical Oceanography, Woods Hole Oceanographic Institution; Rosenstiel School of Marine, Atmospheric, and Earth Science, University of Miami; Rosenstiel School of Marine, Atmospheric, and Earth Science, University of Miami; Department of Oceanography, CICESE; Department of Oceanography, CICESE; Department of Oceanography, CICESE; Department of Oceanography, CICESE; University of the Virgin Islands; Ocean Sierra; Universidad Nacional Autónoma de Mexico; Universidad Nacional Autónoma de Mexico; Mexican Institute of Water Technology; Gulf Research Program, NASEM; Gulf Research Program, NASEM; Department of Mechanical Engineering, Massachusetts Institute of Technology, Cambridge, MA",OCEANS 2024 - Halifax,25 Nov 2024,2024,,,1,10,"As part of the Mini-Adaptive Sampling Test Run (MASTR) experiment in the Gulf of Mexico (GoM) region from February to April 2024, we demonstrated real-time deterministic and probabilistic reachability analysis and time-optimal path planning to guide a fleet of four ocean gliders. The governing differential equations for reachability analysis and time-optimal path planning were numerically integrated in real-time and forced by currents from our large-ensemble ocean forecasts. We illustrate the real-time deterministic and probabilistic forward reachability analyses, reachability and path planning for glider pickups, time-optimal path planning for gliders in distress, and planning of future glider deployments. Results show that the actual paths of gliders were contained within our reachable set forecasts and in accord with the dynamic reachability fronts. Our time-optimal headings and paths also predicted real glider motions, even for longer-range predictions of weeks to a month duration. Reachability and time-optimal path planning forecasts were successfully employed for glider recovery. They also enabled exploring options for future glider deployments.",2996-1882,979-8-3315-4008-1,10.1109/OCEANS55160.2024.10754057,,https://ieeexplore.ieee.org/stamp/stamp.jsp?arnumber=10754057,Ocean forecasting;sea glider;path planning;reachability analysis;probabilistic forecasting;adaptive sampling,Uncertainty;Oceans;Dynamics;Differential equations;Probabilistic logic;Path planning;Real-time systems;Hazards;Reachability analysis;Vehicle dynamics,,3,,91,IEEE,25 Nov 2024,23-26 Sept. 2024,23-26 Sept. 2024,IEEE,IEEE Conferences
Multi-Machine Power System Simulation via Differential Transformation,R. Galarza-Villa; A. Zamora-Mendez; C. Perez-Rojas; M. R. Arrieta Paternina,"Universidad Michoacana de San Nicolas de Hidalgo (UMSNH), MX; Universidad Michoacana San Nicolas de Hidalgo, MX; Universidad Michoacana de San Nicolas de Hidalgo (UMSNH), MX; Universidad Nacional Autonoma de Mexico (UNAM), MX",IEEE Latin America Transactions,23 Jan 2025,2025,23,2,153,159,"In this paper, the differential transformation (DT) is applied to the dynamic analysis of multi-machine systems, whose solution is numerically obtained by solving a set of differential-algebraic equations that represent the power system dynamics. This method is an algorithm to calculate the Taylor coefficients in a fast and efficient way, making the Taylor method competitive against traditional numerical integration methods such as the modified Euler (ME) method and trapezoidal rule (TR). Thus, the DT's rules for solving differential-algebraic equations of large multi-machine power systems are applied. To exhibit the DT's performance, the power system toolbox (PST) is adopted and compared against other integration methods for multi-machine power system simulation. Finally, time-domain simulations on the WECC and Mexican systems are performed by means of DT and compared with ME and TR methods to demonstrate the effectiveness of the proposal, showcasing that our proposal improves up to 12 times the traditional methods.",1548-0992,,10.1109/TLA.2025.10851365,,https://ieeexplore.ieee.org/stamp/stamp.jsp?arnumber=10851365,differential transformation;multimachine simulation;transient stability;numerical integration;power system toolbox,Power system stability;Mathematical models;Silicon;Power system simulation;Numerical models;Proposals;Power system dynamics;Urban areas;Transient analysis;Time-domain analysis,,,,,IEEE,23 Jan 2025,Feb. 2025,,IEEE,IEEE Journals
Consistent IoT Systems: A Perspective Based on Paraconsistent Descriptive Logic,M. Pérez-Gaspar; J. Gomez; E. Bárcenas; F. García,"Dept. of Telecommunications, UNAM, Mexico City, Mexico; Dept. of Telecommunications, UNAM, Mexico City, Mexico; Department of Computer Engineering, UNAM, Mexico City, Mexico; Dept. of Telecommunications, UNAM, Mexico City, Mexico",2024 International Conference on Intelligent Environments (IE),23 Jul 2024,2024,,,101,104,"Internet of Things (IoT) devices generate vast and often contradictory data streams. This poses a challenge for IoT systems, which must make accurate and reliable decisions based on this data. Paraconsistent descriptive logic (PDL) is a branch of non-classical logic that can handle inconsistencies without compromising data reliability. We propose the integration of PDL into IoT systems to improve data coherence and reliability. We also introduce a Consistency Theorem that establishes rules for managing inconsistencies systematically and in a controlled way. Our efforts aim to pave the way for more robust, reliable, and user-friendly IoT systems.",2472-7571,979-8-3503-8679-0,10.1109/IE61493.2024.10599925,,https://ieeexplore.ieee.org/stamp/stamp.jsp?arnumber=10599925,Internet of Things;data inconsistency;paracon-sistent logic;consistency theorem,Accuracy;Coherence;Reliability theory;Internet of Things;Logic;Streams,,,,8,IEEE,23 Jul 2024,17-20 June 2024,17-20 June 2024,IEEE,IEEE Conferences
Invited Paper: Further Decentralizing Decentralized Finance: Loss vs Rebalancing Without a Shared Reference Market,M. Herlihy; S. Rajsbaum,"Computer Science Department, Brown University, Providence, USA; Instituto de Matemáticas UNAM, Mexico City, Mexico",2024 6th Conference on Blockchain Research & Applications for Innovative Networks and Services (BRAINS),8 Nov 2024,2024,,,1,10,"Automated market makers (AMMs) typically rely on arbitrage agents to keep prices in line with a shared reference market such as a large centralized exchange. This paper considers an alternative, even-more-decentralized model where prices must stabilize without a shared reference market.We first consider a model where there is one population of AMMs, and another of arbitrage agents who seek to profit from pairwise price differences between randomly-chosen AMMs. For constant-product AMMs, repeated random pair-wise arbitrage causes the AMMs’ expected prices to converge within any precision ϵ > 0 in $\Theta \left( {\max \left( {{n^2}\log n,\log \frac{1}{\varepsilon }} \right)} \right.$ interactions, and arbitrage agents’ profits are proportional to the original price imbalances. Within certain limits, the arbitrage agents can collude to set the final stable price.If, instead, randomly-chosen pairs of AMMs could rebalance their asset pools directly, capturing profits that would have gone to arbitrage agents, then expected AMM prices converge within ϵ with respective upper and lower bounds of $\Omega \left( {\max \left( {{n^2}\log n,\log \frac{1}{\varepsilon }} \right)} \right.$ and $O\left( {\max \left( {{n^2}\log n,\log \frac{1}{\varepsilon }} \right)} \right.$ interactions. Within certain limits, the AMMs can collude to set the final stable price.",2835-3021,979-8-3503-6784-3,10.1109/BRAINS63024.2024.10732462,,https://ieeexplore.ieee.org/stamp/stamp.jsp?arnumber=10732462,component;formatting;style;styling;insert,Analytical models;Protocols;Closed-form solutions;Finance;Stochastic processes;Decentralized applications;Particle measurements;Proposals;Financial services;Convergence,,,,28,IEEE,8 Nov 2024,9-11 Oct. 2024,9-11 Oct. 2024,IEEE,IEEE Conferences
In-Silico Trained AI for Enhanced T2 Spectrum Imaging and Myelin Water Fraction Mapping in Preclinical 7T MRI,D. Vallejo-Aldana; A. Ramírez-Manzanares; E. J. Canales-Rodríguez; T. Yu; A. Cisneros-Mejorado; L. Concha; J. Rafael-Patiño; J. -P. Thiran,"Computer Science Department, Centro de Investigación en Matemáticas A.C, Guanajuato, México; Computer Science Department, Centro de Investigación en Matemáticas A.C, Guanajuato, México; Signal Processing Laboratory (LTS5), École Polytechnique Fédérale de Lausanne (EPFL), Lausanne, Switzerland; Signal Processing Laboratory (LTS5), École Polytechnique Fédérale de Lausanne (EPFL), Lausanne, Switzerland; Instituto de Neurobiología, Universidad Nacional Autónoma de México, Juriquilla, México; Instituto de Neurobiología, Universidad Nacional Autónoma de México, Juriquilla, México; Signal Processing Laboratory (LTS5), École Polytechnique Fédérale de Lausanne (EPFL), Lausanne, Switzerland; Signal Processing Laboratory (LTS5), École Polytechnique Fédérale de Lausanne (EPFL), Lausanne, Switzerland",2024 IEEE International Symposium on Biomedical Imaging (ISBI),22 Aug 2024,2024,,,1,5,"This study introduces a Machine Learning (ML) approach for estimating the T2 spectrum and myelin water fraction (MWF) using multi-echo T2 (MET2) data from preclinical 7T Magnetic Resonance Imaging (MRI) scanners. ML methods have shown promise in MWF estimation, outperforming Regularized Non-Negative Least Squares (RNNLS). However, existing ML methods were optimized for high signal-to-noise ratios (SNR) typical of 3T clinical MET2 data with larger voxel sizes. We adapted the Model-Informed Machine Learning (MIML) method to handle challenges in preclinical 7T MRI, including reduced voxel sizes, elevated noise levels (SNR=30-60), and shifts in T2 lobes. Results from in-silico simulated data demonstrate the superior performance of the proposed multi-layer-perceptron-based solution over RNNLS. Validation with ME T2 data from two mice—a healthy control and a cuprizone-exposed pathological mouse—confirms the ML method’s success in identifying cuprizone-induced demyelination. Our study showcases the adaptability and enhanced performance of the MIML approach under challenging preclinical 7T MRI conditions, contributing to the advancement of MWF estimation methods in high-field MRI settings.",1945-8452,979-8-3503-1333-8,10.1109/ISBI56570.2024.10635246,National Science Foundation; ,https://ieeexplore.ieee.org/stamp/stamp.jsp?arnumber=10635246,In-silico;Machine learning;Brain;MRI;Myelin water imaging;Pre-clinical data.,Maximum likelihood estimation;Pathology;Adaptation models;Magnetic resonance imaging;Machine learning;Brain modeling;Signal to noise ratio,,,,18,IEEE,22 Aug 2024,27-30 May 2024,27-30 May 2024,IEEE,IEEE Conferences
Mitigating Limited Angle Artifacts in a Dual-Panel Positron Emission Mammography Scanner Using Deep Learning Regularization,F. G. Moncada-Gutiérrez; M. Rodríguez-Villafuerte; H. Alva-Sánchez; A. Martínez-Dávalos,"National Autonomous University of Mexico, Physics Institute, Mexico City, Mexico; National Autonomous University of Mexico, Physics Institute, Mexico City, Mexico; National Autonomous University of Mexico, Physics Institute, Mexico City, Mexico; National Autonomous University of Mexico, Physics Institute, Mexico City, Mexico","2024 IEEE Nuclear Science Symposium (NSS), Medical Imaging Conference (MIC) and Room Temperature Semiconductor Detector Conference (RTSD)",25 Sep 2024,2024,,,1,2,"A dual-panel Positron Emission Mammography (PEM) scanner is a dedicated breast imaging device with higher spatial resolution and enhanced sensitivity, in comparison with conventional Positron Emission Tomography (PET) scanners. However, one of the main challenges this scanner faces are the limited angle artifacts that arise in the cross-planes. To mitigate such artifacts, deep learning regularization has been included in the List Mode Ordered Subsets Expectation Maximization (LM-OSEM) reconstruction algorithm. Regularization has been applied using a U-Net trained with Monte-Carlo simulated data. Network training was achieved using slices of cross-plane images of a PEM scanner as input and corresponding slices from a dedicated breast-PET ring scanner as target, since this scanner does not have the limited angle problem. In the regularization stage, the trained U-Net is employed to process the cross-plane slices of the preceding image estimation. Subsequently, the resultant output is fused with the former image estimate utilizing Forward-backward splitting expectation maximization (FBSEM). This image reconstruction framework has demonstrated a notable enhancement in image quality when assessed from the cross-plane perspective, while maintaining the quality of images when assessed from the in-plane perspective. With this approach, PEM images may be effectively analyzed as three-dimensional images.",2577-0829,979-8-3503-8815-2,10.1109/NSS/MIC/RTSD57108.2024.10657598,,https://ieeexplore.ieee.org/stamp/stamp.jsp?arnumber=10657598,,Deep learning;Training;Microwave integrated circuits;Sensitivity;Monte Carlo methods;Semiconductor detectors;Positrons,,,,7,IEEE,25 Sep 2024,26 Oct.-2 Nov. 2024,26 Oct.-2 Nov. 2024,IEEE,IEEE Conferences
Incorporation of Deep Learning Regularization in the Image Reconstruction Algorithm for a Dual-Panel PEM Scanner,F. G. Moncada-Gutiérrez; M. Rodríguez-Villafuerte; H. Alva-Sánchez; A. Martínez-Dávalos,"CDMX, National Autonomous University of Mexico, Physics Institute, Mexico; CDMX, National Autonomous University of Mexico, Physics Institute, Mexico; CDMX, National Autonomous University of Mexico, Physics Institute, Mexico; CDMX, National Autonomous University of Mexico, Physics Institute, Mexico","2025 IEEE Nuclear Science Symposium (NSS), Medical Imaging Conference (MIC) and Room Temperature Semiconductor Detector Conference (RTSD)",18 Dec 2025,2025,,,1,2,"A dual-panel Positron Emission Mammography (PEM) scanner prototype is under development in our research group, and its imaging performance is currently being evaluated. The main challenge for dual-panel scanners is the presence of limited-angle artifacts, which appear in the images due to the acquisition geometry. These artifacts diminish the quality of the images, degrade the contrast of the lesions, and generate distortions in the cross-plane slices (perpendicular to the panels). To mitigate such distortions, deep learning regularization has been incorporated into the List Mode Ordered Subsets Expectation Maximization (LM-OSEM) image reconstruction algorithm. For the regularization step, a U-Net was trained with Monte-Carlo simulated data for several image quality phantoms. Data augmentation strategies were used to increase the diversity of the training data and to construct a model that generalizes more effectively to unseen data. The deep learning model was trained with 3840 pairs of cross-plane images of a dual-panel PEM scanner as input and corresponding slices from a dedicated breast-PET ring scanner as target. This approach was selected because a ring-shaped scanner does not face the limited-angle problem. The Forward-backward splitting expectation maximization (FBSEM) algorithm was implemented with the trained U-Net. This framework was applied to both MC-simulated and experimentally acquired data. In both cases, the quality of the cross-plane images was enhanced, without hampering the in-plane slices (parallel to the panels), and the enhancement in the quality of the images was quantified by image quality metrics like noise, contrast, and the Mean Absolute Error (MAE).",2577-0829,978-1-6654-7767-3,10.1109/NSS/MIC/RTSD57106.2025.11287935,PCF; UNAM; ,https://ieeexplore.ieee.org/stamp/stamp.jsp?arnumber=11287935,,Image reconstruction;Deep learning;Positrons;Physics;Plasmas;Nuclear medicine;Image quality;Distortion;Training data;Single photon emission computed tomography,,,,,IEEE,18 Dec 2025,1-8 Nov. 2025,1-8 Nov. 2025,IEEE,IEEE Conferences
Finding ϵ-Locally Optimal Solutions for Multiobjective Multimodal Optimization,A. E. Rodriguez-Fernandez; L. Schäpermeier; C. Hernández; P. Kerschke; H. Trautmann; O. Schütze,"Department of Computer Science, CINVESTAV-IPN, Ciudad de Mexico, Mexico; Big Data Analytics in Transportation, Technische Universitat Dresde, Dresden, Germany; Ciencias de la computación, Universidad Nacional Autonoma de Mexico Instituto de Investigaciones en Matematicas Aplicadas y Sistemas, Ciudad de Mexico, Mexico; Big Data Analytics in Transportation, Technische Universitat Dresde, Dresden, Germany; Department of Machine Learning and Optimisation, University of Paderborn, Paderborn, Germany; Department of Computer Science, CINVESTAV-IPN, Ciudad de Mexico, Mexico",IEEE Transactions on Evolutionary Computation,10 Oct 2025,2025,29,5,2019,2031,"In this article, we address the problem of computing all locally optimal solutions of a given multiobjective problem whose images are sufficiently close to the Pareto front. Such  $\epsilon $ -locally optimal solutions are particularly interesting in the context of multiobjective multimodal optimization (MMO). To accomplish this task, we first define a new set of interest,  $L_{Q,\epsilon }$ , that is strongly related to the recently proposed set of  $\epsilon $ -acceptable solutions. Next, we propose a new unbounded archiver,  $ArchiveUpdateL_{Q,\epsilon }$ , aiming to capture  $L_{Q,\epsilon }$  in the limit. This archiver can in principle be used in combination with any multiobjective evolutionary algorithm (MOEA). Further, we equip numerous MOEAs with  $ArchiveUpdateL_{Q,\epsilon }$ , investigate their performances across several benchmark functions, and compare the enhanced MOEAs with their archive-free counterparts. For our experiments, we utilize the well-established metrics HV, IGDX, and  $\Delta _{p}$ . Additionally, we propose and use a new performance indicator,  $I_{\mathrm { EDR}}$ , which results in comparable performances but which is applicable to problems defined in higher dimensions (in particular in decision variable space).",1941-0026,,10.1109/TEVC.2024.3458855,European Research Center for Information Systems (ERCIS); CONAHCYT to pursue his Postdoc Fellowship at the CINVESTAV-IPN; Center for Scalable Data Analytics and Artificial Intelligence (ScaDS.AI) Dresden/Leipzig; Research Provided by UNAM’s Project PAPIIT(grant numbers:IA102923); CONAHCYT Project(grant numbers:CBF2023-2024-1463); ,https://ieeexplore.ieee.org/stamp/stamp.jsp?arnumber=10677365,Evolutionary computation;local solutions;multimodal optimization (MMO);multiobjective optimization,Optimization;Evolutionary computation;Approximation algorithms;Benchmark testing;Vectors;Surveys;Pareto optimization,,8,,79,IEEE,11 Sep 2024,Oct. 2025,,IEEE,IEEE Journals
A Finite-Time Convergent Primal-Dual Gradient Dynamics Based on the Multivariable Super-Twisting Algorithm,O. Texis-Loaiza; A. Mercado-Uribe; J. A. Moreno; J. Schiffer,"Brandenburg University of Technology Cottbus-Senftenberg, Cottbus, Germany; Brandenburg University of Technology Cottbus-Senftenberg, Cottbus, Germany; Eléctrica y Computación, Instituto de Ingeniería, Universidad Nacional Autónoma de México (UNAM), Mexico City, Mexico; Brandenburg University of Technology Cottbus-Senftenberg, Cottbus, Germany",2025 European Control Conference (ECC),14 Oct 2025,2025,,,1892,1898,"We propose a novel primal-dual gradient dynamics (PDGD) algorithm to dynamically solve an optimization problem with linear equality constraints in finite time. To ensure finite-time convergence, we endow the PDGD with suitable homogeneity properties. More precisely, departing from the standard PDGD and based on the associated Lagrangian of the optimization problem, the algorithm is derived by suitably combining a change of coordinates of the standard PDGD with the multivariable super-twisting algorithm. In our new coordinates, the proposed PDGD’s global convergence to the optimal solution of the optimization problem is then proven via a smooth, strong Lyapunov function. Additionally, we provide a numerical example to compare the performance of our algorithm with existing approaches from the literature.",2996-8895,978-3-907144-12-1,10.23919/ECC65951.2025.11186834,Ministry of Education; ,https://ieeexplore.ieee.org/stamp/stamp.jsp?arnumber=11186834,,Heuristic algorithms;Europe;Time factors;Optimization;Standards;Convergence;Lyapunov methods,,,,46,,14 Oct 2025,24-27 June 2025,24-27 June 2025,IEEE,IEEE Conferences
An Evolutionary Approach for the Computation of ∈-Locally Optimal Solutions for Multi-Objective Multimodal Optimization,C. Hernández; A. E. Rodriguez-Fernandez; L. Schäpermeier; O. Cuate; H. Trautmann; O. Schütze,"IIMAS-UNAM, Mexico; CINVESTAV-IPN, Mexico; University of Münster, Germany; ESFM -Instituto Politécnico Nacional, Mexico; University of Paderborn, Germany; CINVESTAV-IPN, Mexico",IEEE Transactions on Evolutionary Computation,,2025,PP,99,1,1,"In this paper, we address the problem of efficiently computing finite-size approximations of the set of -locally optimal solutions of a given multi-objective optimization problem (MOP). Such sets are in particular interesting in the context of multi-objective multimodal optimization (MMO). To this end, we first propose a bounded archiver, ArchiveUpdateLQ,∈B, that is, a modification of a previously proposed unbounded archiver. These archivers can be used as external archivers to in principle any multi-objective evolutionary algorithm (MOEA). In order to reduce the computational cost compared to such archive equipped MOEAs, we propose, in a next step LQ,∈MOEA. This evolutionary algorithm directly uses ArchiveUpdateLQ,∈B for the selection process and hence does not need an external archive for the computation of ∈-locally optimal solutions. We further propose a hybrid of LQ,∈MOEA with a multi-objective continuation method, which significantly improves the accuracy of the obtained solutions in case the gradient information is at hand. Finally, we show some numerical results that demonstrate the benefit of both the bounded archiver and the new MOEAs.",1941-0026,,10.1109/TEVC.2025.3637276,"European Research Center for Information Systems; SECIHTI; Center for Scalable Data Analytics and Artificial Intelligence Dresden/Leipzig; Universidad Nacional Aut?noma de M?xico(grant numbers:IA102923); Consejo Nacional de Humanidades, Ciencias y Tecnologías(grant numbers:CBF2023-2024-1463); ",https://ieeexplore.ieee.org/stamp/stamp.jsp?arnumber=11269362,Multi-objective optimization;evolutionary algorithms;nearly optimal solutions;multimodal optimization;archiving;continuation,Optimization;Evolutionary computation;Hands;Proposals;Convergence;Computational efficiency;Artificial intelligence;Accuracy;Approximation algorithms;Aerospace electronics,,,,,IEEE,26 Nov 2025,,,IEEE,IEEE Early Access Articles
